99.8472631901142,99.85006490372801,99.85281123312531,99.855499020439,99.85812493843494,99.86068548857318,99.86317700085844,99.86559563588153,99.86793738949237,99.87019810057595,99.87237346242223,99.8744590381824,99.87645028088218,99.87834255841055,99.88013118381292,99.88181145108729,99.88337867650343,99.88482824524176,99.88615566288088,99.88735661096145,99.88842700553408,99.88936305728153,99.89016133151712,99.89081880613361,99.89133292543696,99.89170164777758,99.8919234850021,99.891997532,99.8919234850021,99.89170164777758,99.89133292543696,99.89081880613361,99.89016133151712,99.88936305728153,99.88842700553408,99.88735661096145,99.88615566288088,99.88482824524176,99.88337867650343,99.88181145108729,99.88013118381292,99.87834255841055,99.87645028088218,99.8744590381824,99.87237346242223,99.87019810057595,99.86793738949237,99.86559563588153,99.86317700085844,99.86068548857318,99.85812493843494,99.855499020439,99.85281123312531,99.85006490372801,99.8472631901142
99.85006582553159,99.85292091694085,99.85572160011449,99.85846464514644,99.86114663607415,99.86376396705158,99.8663128402818,99.86878926616498,99.87118906617246,99.87350787900616,99.87574117064159,99.87788424887214,99.87993228296698,99.88188032901535,99.88372336144555,99.88545631107074,99.88707410981745,99.88857174203316,99.88994430194886,99.89118705649821,99.89229551228699,99.8932654850879,99.8940931698448,99.89477520884543,99.89530875550686,99.89569153115148,99.89592187226164,99.895998766,99.89592187226164,99.89569153115148,99.89530875550686,99.89477520884543,99.8940931698448,99.8932654850879,99.89229551228699,99.89118705649821,99.88994430194886,99.88857174203316,99.88707410981745,99.88545631107074,99.88372336144555,99.88188032901535,99.87993228296698,99.87788424887214,99.87574117064159,99.87350787900616,99.87118906617246,99.86878926616498,99.8663128402818,99.86376396705158,99.86114663607415,99.85846464514644,99.85572160011449,99.85292091694085,99.85006582553159
99.8528130440562,99.85572248962502,99.85857864376268,99.86137821239069,99.86411769798829,99.86679339355723,99.86940137826149,99.87193751525135,99.87439745225514,99.876776625594,99.87907026833736,99.88127342336276,99.88338096210309,99.88538760974484,99.88728797757116,99.8890766030091,99.89074799773002,99.89229670385731,99.89371735795531,99.89500476201275,99.89615396011402,99.89716031894254,99.89801960972814,99.89872808879062,99.89928257350388,99.89968051036813,99.89992003197443, 99.9,99.89992003197443,99.89968051036813,99.89928257350388,99.89872808879062,99.89801960972814,99.89716031894254,99.89615396011402,99.89500476201275,99.89371735795531,99.89229670385731,99.89074799773002,99.8890766030091,99.88728797757116,99.88538760974484,99.88338096210309,99.88127342336276,99.87907026833736,99.876776625594,99.87439745225514,99.87193751525135,99.86940137826149,99.86679339355723,99.86411769798829,99.86137821239069,99.85857864376268,99.85572248962502,99.8528130440562
99.85550168487653,99.8584663888911,99.8613790669721,99.86423637057915,99.86703472982195,99.86977034487674,99.87243917892424,99.87503695316805,99.87755914459004,99.88000098719772,99.88235747761323,99.88462338593318,99.88679327284333,99.88886151398583,99.89082233253306,99.89266984080174,99.89439809152519,99.89600113907584,99.89747311048548,99.89880828554905,99.90000118463941,99.90104666214057,99.90194000268447,99.90267701672512,99.9032541314912,99.90366847310707,99.90391793573448,99.904001234,99.90391793573448,99.90366847310707,99.9032541314912,99.90267701672512,99.90194000268447,99.90104666214057,99.90000118463941,99.89880828554905,99.89747311048548,99.89600113907584,99.89439809152519,99.89266984080174,99.89082233253306,99.88886151398583,99.88679327284333,99.88462338593318,99.88235747761323,99.88000098719772,99.87755914459004,99.87503695316805,99.87243917892424,99.86977034487674,99.86703472982195,99.86423637057915,99.8613790669721,99.8584663888911,99.85550168487653
99.85812841759503,99.86114919555835,99.86411936895168,99.86703554650174,99.8698940973895,99.87269113976596,99.8754225305519,99.87808385712265,99.88067043160184,99.88317728862036,99.88559918752871,99.8879306201762,99.8901658254727,99.8922988120117,99.89432339003312,99.89623321391653,99.89802183618984,99.89968277369219,99.90120958602125,99.90259596571963,99.90383583882708,99.90492347348535,99.90585359330228,99.90662149126223,99.90722313923132,99.9076552876766,99.90791555020476,99.908002468,99.90791555020476,99.9076552876766,99.90722313923132,99.90662149126223,99.90585359330228,99.90492347348535,99.90383583882708,99.90259596571963,99.90120958602125,99.89968277369219,99.89802183618984,99.89623321391653,99.89432339003312,99.8922988120117,99.8901658254727,99.8879306201762,99.88559918752871,99.88317728862036,99.88067043160184,99.87808385712265,99.8754225305519,99.87269113976596,99.8698940973895,99.86703554650174,99.86411936895168,99.86114919555835,99.85812841759503
99.86068974028557,99.86376730032146,99.8667958391727,99.86977193673519,99.87269191517541,99.87555182419294,99.8783474272294,99.88107418925352,99.8837272669036,99.88630150193734,99.88879141911838,99.89119122984931,99.89349484302765,99.89569588473265,99.89778772841922,99.8997635372646,99.90161632014554,99.9033390023758,99.90492451177246,99.90636587982095,99.9076563566795,99.90878953754253,99.90975949655667,99.91056092318397,99.91118925480717,99.91164079865851,99.91191283599919,99.912003702,99.91191283599919,99.91164079865851,99.91118925480717,99.91056092318397,99.90975949655667,99.90878953754253,99.9076563566795,99.90636587982095,99.90492451177246,99.9033390023758,99.90161632014554,99.8997635372646,99.89778772841922,99.89569588473265,99.89349484302765,99.89119122984931,99.88879141911838,99.88630150193734,99.8837272669036,99.88107418925352,99.8783474272294,99.87555182419294,99.87269191517541,99.86977193673519,99.8667958391727,99.86376730032146,99.86068974028557
99.8631819793435,99.86631690168026,99.86940455300294,99.87244150057184,99.87542403612107,99.87834815752993,99.88120955098846,99.88400357429488,99.88672524210415,99.88936921415643,99.8919297877472,99.89440089594905,99.89677611334403,99.89904867125013,99.90121148459278,99.90325719263757,99.90517821570776,99.90696682969842,99.90861525960882,99.9101157923973,99.91146090820229,99.91264342740031,99.91365666918422,99.91449461551245,99.91515207264544,99.91562482132544,99.91590974624629,99.916004936,99.91590974624629,99.91562482132544,99.91515207264544,99.91449461551245,99.91365666918422,99.91264342740031,99.91146090820229,99.9101157923973,99.90861525960882,99.90696682969842,99.90517821570776,99.90325719263757,99.90121148459278,99.89904867125013,99.89677611334403,99.89440089594905,99.8919297877472,99.88936921415643,99.88672524210415,99.88400357429488,99.88120955098846,99.87834815752993,99.87542403612107,99.87244150057184,99.86940455300294,99.86631690168026,99.8631819793435
99.86560129153125,99.8687940060894,99.87194136952915,99.87503995503334,99.87808604330074,99.88107560032496,99.88400425508637,99.88686727777487,99.88965955937161,99.89237559366914,99.8950094631023,99.89755483008912,99.90000493593148,99.90235260967097,99.90459028960285,99.90671006035981,99.90870370851962,99.91056279947321,99.9122787777213,99.91384309175656,99.91524734317989,99.91648345769808,99.9175438732533,99.91842173795631,99.9191111080675,99.91960713440815,99.91990622472333,99.92000617,99.91990622472333,99.91960713440815,99.9191111080675,99.91842173795631,99.9175438732533,99.91648345769808,99.91524734317989,99.91384309175656,99.9122787777213,99.91056279947321,99.90870370851962,99.90671006035981,99.90459028960285,99.90235260967097,99.90000493593148,99.89755483008912,99.8950094631023,99.89237559366914,99.88965955937161,99.88686727777487,99.88400425508637,99.88107560032496,99.87808604330074,99.87503995503334,99.87194136952915,99.8687940060894,99.86560129153125
99.86794366866062,99.87119443083927,99.87440193215332,99.87756277262687,99.88067324421229,99.8837293044365,99.88672654924115,99.88966018557737,99.89252500455073,99.89531535620341,99.89802512737532,99.90064772450106,99.90317606366803,99.9056025707616,99.90791919501427,99.91011743969591,99.91218841393746,99.91412290965094,99.9159115070487,99.9175447112259,99.91901312052673,99.92030762491417,99.92141962937973,99.92234129381184,99.92306577714164,99.92358747061627,99.92390220340366,99.924007404,99.92390220340366,99.92358747061627,99.92306577714164,99.92234129381184,99.92141962937973,99.92030762491417,99.91901312052673,99.9175447112259,99.9159115070487,99.91412290965094,99.91218841393746,99.91011743969591,99.90791919501427,99.9056025707616,99.90317606366803,99.90064772450106,99.89802512737532,99.89531535620341,99.89252500455073,99.88966018557737,99.88672654924115,99.8837293044365,99.88067324421229,99.87756277262687,99.87440193215332,99.87119443083927,99.86794366866062
99.8702049453846,99.87351381022967,99.87678167261882,99.88000518260102,99.88318066854063,99.88630410648307,99.88937108785396,99.89237678594924,99.89531592192404,99.89818273131431,99.90097093253688,99.90367369932041,99.90628363962138,99.90879278426235,99.91119258925846,99.91347395650664,99.91562727808933,99.91764250973581,99.91950927877939,99.92121703101168,99.9227552189296,99.92411353083313,99.92528215606286,99.92625207662168,99.92701537009332,99.92756550405632,99.92789759918966,99.928008638,99.92789759918966,99.92756550405632,99.92701537009332,99.92625207662168,99.92528215606286,99.92411353083313,99.9227552189296,99.92121703101168,99.91950927877939,99.91764250973581,99.91562727808933,99.91347395650664,99.91119258925846,99.90879278426235,99.90628363962138,99.90367369932041,99.90097093253688,99.89818273131431,99.89531592192404,99.89237678594924,99.88937108785396,99.88630410648307,99.88318066854063,99.88000518260102,99.87678167261882,99.87351381022967,99.8702049453846
99.87238081059083,99.87574760563491,99.87907581918633,99.88236217655253,99.88560307038449,99.88879452573971,99.89193216248367,99.8950111553285,99.89802619206161,99.90097143086231,99.9038404580634,99.90662624830577,99.90932112977404,99.91191675808955,99.91440410345433,99.9167734567253,99.91901446113376,99.92111617716252,99.92306718836896,99.92485575534043,99.92647002308271,99.92789828361643,99.92912929021482,99.9301526127514,99.93095901575545,99.93154083329856,99.93189230949844,99.932009872,99.93189230949844,99.93154083329856,99.93095901575545,99.9301526127514,99.92912929021482,99.92789828361643,99.92647002308271,99.92485575534043,99.92306718836896,99.92111617716252,99.91901446113376,99.9167734567253,99.91440410345433,99.91191675808955,99.90932112977404,99.90662624830577,99.9038404580634,99.90097143086231,99.89802619206161,99.8950111553285,99.89193216248367,99.88879452573971,99.88560307038449,99.88236217655253,99.87907581918633,99.87574760563491,99.87238081059083
99.87446682288994,99.8778911200799,99.88127940972458,99.88462851931546,99.88793493606238,99.89119476779427,99.89440370008687,99.89755694969719,99.90064921462141,99.9036746214368,99.90662667107068,99.90949818479531,99.91228125311346,99.91496719130039,99.91754650671231,99.92000888452245,99.92234320019894,99.92453756858315,99.92657944051328,99.92845575805599,99.93015317791522,99.93165836879805,99.93295838191584,99.93404108433772,99.93489563336193,99.935512958237,99.93588620620066,99.936011106,99.93588620620066,99.935512958237,99.93489563336193,99.93404108433772,99.93295838191584,99.93165836879805,99.93015317791522,99.92845575805599,99.92657944051328,99.92453756858315,99.92234320019894,99.92000888452245,99.91754650671231,99.91496719130039,99.91228125311346,99.90949818479531,99.90662667107068,99.9036746214368,99.90064921462141,99.89755694969719,99.89440370008687,99.89119476779427,99.88793493606238,99.88462851931546,99.88127940972458,99.8778911200799,99.87446682288994
99.87645843067098,99.87993951794085,99.88338731050064,99.88679876611859,99.89017049871607,99.89349873544283,99.89677926878637,99.90000740351269,99.9031778984308,99.90628490328514,99.90932189154887,99.91228159057373,99.9151559115066,99.91793588267534,99.9206115918268,99.92317214468518,99.9256056497288,99.92789924166644,99.93003915843649,99.9320108879873,99.93379940066528,99.93538947955422,99.93676615342812,99.9379152244727,99.93882386615455,99.93948124792863,99.93987912714975,99.94001234,99.93987912714975,99.93948124792863,99.93882386615455,99.9379152244727,99.93676615342812,99.93538947955422,99.93379940066528,99.9320108879873,99.93003915843649,99.92789924166644,99.9256056497288,99.92317214468518,99.9206115918268,99.91793588267534,99.9151559115066,99.91228159057373,99.90932189154887,99.90628490328514,99.9031778984308,99.90000740351269,99.89677926878637,99.89349873544283,99.89017049871607,99.88679876611859,99.88338731050064,99.87993951794085,99.87645843067098
99.87835099714238,99.88188785034446,99.88539424143502,99.8888672870112,99.892303760993,99.895700048436,99.89905209315566,99.90235533861878,99.90560466168155,99.90879429899259,99.91191776628483,99.91496777142605,99.91793612307322,99.92081363819284,99.92359005368243,99.92625394996169,99.92879269773223,99.93119244302946,99.93343814984352,99.93551372319436,99.93740223729036,99.93908629139304,99.94054850804014,99.9417721724924,99.94274198836622,99.94344489504692,99.94387086410559,99.944013574,99.94387086410559,99.94344489504692,99.94274198836622,99.9417721724924,99.94054850804014,99.93908629139304,99.93740223729036,99.93551372319436,99.93343814984352,99.93119244302946,99.92879269773223,99.92625394996169,99.92359005368243,99.92081363819284,99.91793612307322,99.91496777142605,99.91191776628483,99.90879429899259,99.90560466168155,99.90235533861878,99.89905209315566,99.895700048436,99.892303760993,99.8888672870112,99.88539424143502,99.88188785034446,99.87835099714238
99.88013983068893,99.88373108675455,99.88729480851674,99.89082829951275,99.89432852708855,99.89779207375513,99.90121508117493,99.90459318584463,99.90792144556262,99.91119425588805,99.9144052560768,99.91754722450229,99.92061196445763,99.9235901826512,99.92647136484827,99.92924365620472,99.93189375808873,99.93440685868723,99.93676662125684,99.93895526077313,99.94095374535776,99.9427421604732,99.94430026761934,99.94560827096629,99.94664777242441,99.94740285000803,99.94786114512883,99.948014808,99.94786114512883,99.94740285000803,99.94664777242441,99.94560827096629,99.94430026761934,99.9427421604732,99.94095374535776,99.93895526077313,99.93676662125684,99.93440685868723,99.93189375808873,99.92924365620472,99.92647136484827,99.9235901826512,99.92061196445763,99.91754722450229,99.9144052560768,99.91119425588805,99.90792144556262,99.90459318584463,99.90121508117493,99.89779207375513,99.89432852708855,99.89082829951275,99.88729480851674,99.88373108675455,99.88013983068893
99.88182022074253,99.88546415309892,99.88908354393803,99.89267591032137,99.89623844534056,99.89976796806737,99.90326086507858,99.90671302220917,99.9101197450752,99.91347566685987,99.9167746419332,99.92000962417049,99.92317252948752,99.92625408333103,99.9292436559357,99.93212909146516,99.93489654213987,99.93753032555435,99.9400128328278,99.94232452665695,99.94444408019531,99.94634871646134,99.94801480763385,99.94941877596038,99.95053829536555,99.95135372341745,99.95184960825345,99.952016042,99.95184960825345,99.95135372341745,99.95053829536555,99.94941877596038,99.94801480763385,99.94634871646134,99.94444408019531,99.94232452665695,99.9400128328278,99.93753032555435,99.93489654213987,99.93212909146516,99.9292436559357,99.92625408333103,99.92317252948752,99.92000962417049,99.9167746419332,99.91347566685987,99.9101197450752,99.90671302220917,99.90326086507858,99.89976796806737,99.89623844534056,99.89267591032137,99.88908354393803,99.88546415309892,99.88182022074253
99.88338747918658,99.8870819765916,99.89075495429788,99.89440416669935,99.89802706236232,99.90162073383857,99.9051818582208,99.90870662668922,99.91219066102936,99.91562891484365,99.91901555698493,99.92234383469125,99.92560591414326,99.9287926969303,99.93189361255756,99.93489639018871,99.93778681803299,99.94054850707964,99.94316268821927,99.94560808874051,99.94786095502927,99.94989530949641,99.95168354306801,99.95319743585593,99.95440965002919,99.95529563767975,99.95583576095459,99.956017276,99.95583576095459,99.95529563767975,99.95440965002919,99.95319743585593,99.95168354306801,99.94989530949641,99.94786095502927,99.94560808874051,99.94316268821927,99.94054850707964,99.93778681803299,99.93489639018871,99.93189361255756,99.9287926969303,99.92560591414326,99.92234383469125,99.91901555698493,99.91562891484365,99.91219066102936,99.90870662668922,99.9051818582208,99.90162073383857,99.89802706236232,99.89440416669935,99.89075495429788,99.8870819765916,99.88338747918658
99.88483698708951,99.8885795371459,99.89230357692746,99.89600711782712,99.89968788935218,99.90334329023487,99.90697032977259,99.91056555729128,99.91412497718999,99.91764394653323,99.92111705163586,99.92453795959146,99.92789924034645,99.93119215493405,99.93440640623795,99.9375298507876,99.94054817460649,99.94344454453706,99.9461992607614,99.94878945867676,99.95118894036572,99.95336825606284,99.95529519553091,99.95693586709778,99.95825650299004,99.95922599427797,99.95981891561169,99.96001851,99.95981891561169,99.95922599427797,99.95825650299004,99.95693586709778,99.95529519553091,99.95336825606284,99.95118894036572,99.94878945867676,99.9461992607614,99.94344454453706,99.94054817460649,99.9375298507876,99.93440640623795,99.93119215493405,99.92789924034645,99.92453795959146,99.92111705163586,99.91764394653323,99.91412497718999,99.91056555729128,99.90697032977259,99.90334329023487,99.89968788935218,99.89600711782712,99.89230357692746,99.8885795371459,99.88483698708951
99.88616424629394,99.88995192495175,99.89372404400889,99.89747888597061,99.90121448070782,99.90492855937862,99.90861849847029,99.91228125159451,99.91591326607707,99.91951038065797,99.92306769974955,99.92657943869851,99.93003873341752,99.93343740673753,99.93676568319476,99.94001184432052,99.94316181897857,99.94619870984981,99.9491022709561,99.95184837674776,99.95440856635479,99.95674981130878,99.95883473768059,99.96062261027156,99.96207139836712,99.9631410957593,99.96379808262225,99.964019744,99.96379808262225,99.9631410957593,99.96207139836712,99.96062261027156,99.95883473768059,99.95674981130878,99.95440856635479,99.95184837674776,99.9491022709561,99.94619870984981,99.94316181897857,99.94001184432052,99.93676568319476,99.93343740673753,99.93003873341752,99.92657943869851,99.92306769974955,99.91951038065797,99.91591326607707,99.91228125159451,99.90861849847029,99.90492855937862,99.90121448070782,99.89747888597061,99.89372404400889,99.88995192495175,99.88616424629394
99.88736493508647,99.89119440341565,99.8950111536968,99.89881374674356,99.90260052439527,99.90636956772461,99.91011864571516,99.91384515191774,99.91754602588064,99.92121765522609,99.92485575306068,99.9284552039064,99.93200986948037,99.93551234344406,99.93895364181152,99.94232281345214,99.94560645398509,99.94878810833335,99.95184755615676,99.95475999725822,99.95749520205815,99.96001678041883,99.9622818631415,99.96424167442292,99.96584362653799,99.96703550625178,99.96777178490707,99.968020978,99.96777178490707,99.96703550625178,99.96584362653799,99.96424167442292,99.9622818631415,99.96001678041883,99.95749520205815,99.95475999725822,99.95184755615676,99.94878810833335,99.94560645398509,99.94232281345214,99.93895364181152,99.93551234344406,99.93200986948037,99.9284552039064,99.92485575306068,99.92121765522609,99.91754602588064,99.91384515191774,99.91011864571516,99.90636956772461,99.90260052439527,99.89881374674356,99.8950111536968,99.89119440341565,99.88736493508647
99.88843496685173,99.89230247625237,99.896159946931,99.9000062170864,99.90383994269254,99.90765956128882,99.91146324705879,99.9152488547489,99.91901384920017,99.922755216219,99.92646934910275,99.93015190323729,99.93379760864309,99.93740002698584,99.94095123522568,99.94444141271259,99.9478583024694,99.95118651189094,99.95440661647373,99.95749404016644,99.96041772339325,99.9631386839441,99.9656087711564,99.96777025253942,99.96955732236854,99.970900917173,99.97173771733613,99.972022212,99.97173771733613,99.970900917173,99.96955732236854,99.96777025253942,99.9656087711564,99.9631386839441,99.96041772339325,99.95749404016644,99.95440661647373,99.95118651189094,99.9478583024694,99.94444141271259,99.94095123522568,99.93740002698584,99.93379760864309,99.93015190323729,99.92646934910275,99.922755216219,99.91901384920017,99.9152488547489,99.91146324705879,99.90765956128882,99.90383994269254,99.9000062170864,99.896159946931,99.89230247625237,99.88843496685173
99.88937055029643,99.8932719570979,99.89716578807753,99.90105114886107,99.90492700098496,99.90879213223786,99.91264511953122,99.9164842820679,99.92030762180914,99.92411274717243,99.92789677440145,99.93165619895181,99.93538672627304,99.9390830471731,99.94273853702782,99.94634484981184,99.94989136659501,99.9533644433751,99.95674638579592,99.96001406320073,99.96313707632709,99.96607544927762,99.96877700940469,99.97117509511351,99.97318815295965,99.97472402045983,99.97569207656514,99.976023446,99.97569207656514,99.97472402045983,99.97318815295965,99.97117509511351,99.96877700940469,99.96607544927762,99.96313707632709,99.96001406320073,99.95674638579592,99.9533644433751,99.94989136659501,99.94634484981184,99.94273853702782,99.9390830471731,99.93538672627304,99.93165619895181,99.92789677440145,99.92411274717243,99.92030762180914,99.9164842820679,99.91264511953122,99.90879213223786,99.90492700098496,99.90105114886107,99.89716578807753,99.8932719570979,99.88937055029643
99.89016824954003,99.89409903962144,99.89802444700271,99.90194382523725,99.90585642130712,99.90976135301823,99.91365758047691,99.91754386979065,99.92141874645246,99.92528043489753,99.9291267793232,99.9329551388315,99.93676224696353,99.94054402125015,99.94429530173224,99.94800948731641,99.95167802353895,99.95528967223223,99.95882945945094,99.96227715004002,99.96560503802732,99.96877479529127,99.97173317476081,99.9744067702487,99.97669735188649,99.978482253624,99.97962812210172,99.98002468,99.97962812210172,99.978482253624,99.97669735188649,99.9744067702487,99.97173317476081,99.96877479529127,99.96560503802732,99.96227715004002,99.95882945945094,99.95528967223223,99.95167802353895,99.94800948731641,99.94429530173224,99.94054402125015,99.93676224696353,99.9329551388315,99.9291267793232,99.92528043489753,99.92141874645246,99.91754386979065,99.91365758047691,99.90976135301823,99.90585642130712,99.90194382523725,99.89802444700271,99.89409903962144,99.89016824954003
99.8908250421409,99.89478036578882,99.8987321797236,99.90268005639369,99.90662349640549,99.91056191290319,99.91449461172806,99.9184207659785,99.92233938305978,99.92624926153906,99.93014893398426,99.93403659026751,99.93790997323615,99.94176623467837,99.94560173326718,99.9494117461901,99.95319004995159,99.95692829904061,99.96061508634597,99.9642344939427,99.9677638180993,99.97116995623425,99.97440368339906,99.97739089954166,99.98002072514991,99.98213463060736,99.98353271657086,99.984025914,99.98353271657086,99.98213463060736,99.98002072514991,99.97739089954166,99.97440368339906,99.97116995623425,99.9677638180993,99.9642344939427,99.96061508634597,99.95692829904061,99.95319004995159,99.9494117461901,99.94560173326718,99.94176623467837,99.93790997323615,99.93403659026751,99.93014893398426,99.92624926153906,99.92233938305978,99.9184207659785,99.91449461172806,99.91056191290319,99.90662349640549,99.90268005639369,99.8987321797236,99.89478036578882,99.8908250421409
99.89133837298745,99.89531308971503,99.89928580445134,99.9032562705649,99.90722419935665,99.91118925073498,99.91515102130836,99.91910902902663,99.92306269315206,99.92701130782775,99.93095400674179,99.93488971521323,99.93881708420633,99.94273439789006,99.94663944167259,99.95052930983891,99.95440011858553,99.95824656678771,99.96206124428748,99.96583350786203,99.96954759147434,99.97317931423296,99.97669014832707,99.98001627699817,99.98304862291688,99.98560037552525,99.98737664129426,99.988027148,99.98737664129426,99.98560037552525,99.98304862291688,99.98001627699817,99.97669014832707,99.97317931423296,99.96954759147434,99.96583350786203,99.96206124428748,99.95824656678771,99.95440011858553,99.95052930983891,99.94663944167259,99.94273439789006,99.93881708420633,99.93488971521323,99.93095400674179,99.92701130782775,99.92306269315206,99.91910902902663,99.91515102130836,99.91118925073498,99.90722419935665,99.9032562705649,99.89928580445134,99.89531308971503,99.89133837298745
99.8917062019618,99.89569493447806,99.8996827697076,99.90366959621419,99.907655283348,99.91163967692715,99.91562259370224,99.91960381418538,99.92358307325247,99.92756004767024,99.93153433931131,99.93550545221852,99.93947276073091,99.9434354643479,99.94739252245604,99.95134255767574,99.95528370885754,99.95921340056418,99.9631279686817,99.96702202714633,99.97088734478723,99.97471073956127,99.97846986545471,99.98212413097112,99.98559351904392,99.98870634277402,99.99108110469072,99.992028382,99.99108110469072,99.98870634277402,99.98559351904392,99.98212413097112,99.97846986545471,99.97471073956127,99.97088734478723,99.96702202714633,99.9631279686817,99.95921340056418,99.95528370885754,99.95134255767574,99.94739252245604,99.9434354643479,99.93947276073091,99.93550545221852,99.93153433931131,99.92756004767024,99.92358307325247,99.91960381418538,99.91562259370224,99.91163967692715,99.907655283348,99.90366959621419,99.8996827697076,99.89569493447806,99.8917062019618
99.89192704339611,99.89592423937772,99.89992121129276,99.90391793117804,99.9079143662176,99.91191047764286,99.9159062193197,99.91990153591293,99.92389636047398,99.92789061122775,99.93188418723155,99.93587696241515,99.93986877725251,99.9438594268901,99.94784864384211,99.95183607211712,99.95582122739248,99.95980343361545,99.96378171802657,99.96775462902822,99.97171990189007,99.97567380117842,99.97960970944034,99.98351473539468,99.98736022353413,99.99106893348433,99.994364048518,99.996029616,99.994364048518,99.99106893348433,99.98736022353413,99.98351473539468,99.97960970944034,99.97567380117842,99.97171990189007,99.96775462902822,99.96378171802657,99.95980343361545,99.95582122739248,99.95183607211712,99.94784864384211,99.9438594268901,99.93986877725251,99.93587696241515,99.93188418723155,99.92789061122775,99.92389636047398,99.91990153591293,99.9159062193197,99.91191047764286,99.9079143662176,99.90391793117804,99.89992121129276,99.89592423937772,99.89192704339611
99.89199999559388,99.89599999542442,99.89999999524139,99.90399999504311,99.90799999482759,99.91199999459249,99.91599999433498,99.91999999405174,99.92399999373866,99.92799999339081,99.93199999300204,99.93599999256467,99.93999999206898,99.94399999150248,99.94799999084883,99.95199999008622,99.95599998918497,99.95999998810348,99.96399998678163,99.96799998512934,99.97199998300496,99.97599998017246,99.97999997620695,99.9839999702587,99.98799996034496,99.99199994051756,99.99599988103645,99.99996915,99.99599988103645,99.99199994051756,99.98799996034496,99.9839999702587,99.97999997620695,99.97599998017246,99.97199998300496,99.96799998512934,99.96399998678163,99.95999998810348,99.95599998918497,99.95199999008622,99.94799999084883,99.94399999150248,99.93999999206898,99.93599999256467,99.93199999300204,99.92799999339081,99.92399999373866,99.91999999405174,99.91599999433498,99.91199999459249,99.90799999482759,99.90399999504311,99.89999999524139,99.89599999542442,99.89199999559388
99.89192475907322,99.89592186732371,99.89991874450536,99.90391536178252,99.90791168531577,99.91190767512784,99.91590328364684,99.91989845381403,99.92389311659657,99.92788718767527,99.93188056296927,99.93587311249263,99.93986467176956,99.94385502959852,99.94784391021767,99.95183094664223,99.95581563962912,99.95979729236254,99.96377490232749,99.96774697376395,99.97171117355946,99.9756636547242,99.97959760549878,99.98349976662641,99.98734070691614,99.99104133372744,99.9943204136257,99.995967916,99.9943204136257,99.99104133372744,99.98734070691614,99.98349976662641,99.97959760549878,99.9756636547242,99.97171117355946,99.96774697376395,99.96377490232749,99.95979729236254,99.95581563962912,99.95183094664223,99.94784391021767,99.94385502959852,99.93986467176956,99.93587311249263,99.93188056296927,99.92788718767527,99.92389311659657,99.91989845381403,99.91590328364684,99.91190767512784,99.90791168531577,99.90391536178252,99.89991874450536,99.89592186732371,99.89192475907322
99.89170164268056,99.895690200853,99.89967784791936,99.90366447073852,99.9076499366644,99.91163408916279,99.9156167421932,99.91959767293113,99.92357661223102,99.92755323196934,99.93152712801343,99.93549779695167,99.93946460375872,99.94342673601348,99.94738313770198,99.95133241121559,99.95527266833255,99.95920129661265,99.96311458014216,99.96700705835957,99.9708703896681,99.97469122290411,99.97844694457649,99.98209653111576,99.98555928678738,99.98866270763854,99.9910259151949,99.991966682,99.9910259151949,99.98866270763854,99.98555928678738,99.98209653111576,99.97844694457649,99.97469122290411,99.9708703896681,99.96700705835957,99.96311458014216,99.95920129661265,99.95527266833255,99.95133241121559,99.94738313770198,99.94342673601348,99.93946460375872,99.93549779695167,99.93152712801343,99.92755323196934,99.92357661223102,99.91959767293113,99.9156167421932,99.91163408916279,99.9076499366644,99.90366447073852,99.89967784791936,99.895690200853,99.89170164268056
99.89133155728621,99.89530601525475,99.89927845095592,99.90324861529756,99.90721621670873,99.9111809117259,99.91514229297323,99.91909987365992,99.92305306736561,99.92700116136649,99.93094328097976,99.93487834122321,99.93880498025295,99.94272146613397,99.94662556377965,99.95051434104873,99.95438387958363,99.9582288324099,99.96204172762307,99.9658118376943,99.96952328033005,99.97315171435937,99.97665839675942,99.97997924971834,99.98300498773638,99.98554903318664,99.98731810574714,99.987965448,99.98731810574714,99.98554903318664,99.98300498773638,99.97997924971834,99.97665839675942,99.97315171435937,99.96952328033005,99.9658118376943,99.96204172762307,99.9582288324099,99.95438387958363,99.95051434104873,99.94662556377965,99.94272146613397,99.93880498025295,99.93487834122321,99.93094328097976,99.92700116136649,99.92305306736561,99.91909987365992,99.91514229297323,99.9111809117259,99.90721621670873,99.90324861529756,99.89927845095592,99.89530601525475,99.89133155728621
99.89081599735933,99.89477098103357,99.89872242877794,99.90266990993204,99.90661292148998,99.91055087237632,99.9144830634749,99.91840866202446,99.92232666845926,99.92623587299616,99.93013479812784,99.93402162147613,99.93789407087372,99.94174927955262,99.94558358305954,99.94939222952314,99.95316895866375,99.95690537814718,99.96059002115406,99.96420689406271,99.96773319921904,99.97113572393705,99.97436513248253,99.97734726434538,99.97997135969074,99.98207944106235,99.98347285769898,99.983964214,99.98347285769898,99.98207944106235,99.97997135969074,99.97734726434538,99.97436513248253,99.97113572393705,99.96773319921904,99.96420689406271,99.96059002115406,99.95690537814718,99.95316895866375,99.94939222952314,99.94558358305954,99.94174927955262,99.93789407087372,99.93402162147613,99.93013479812784,99.92623587299616,99.92232666845926,99.91840866202446,99.9144830634749,99.91055087237632,99.90661292148998,99.90266990993204,99.89872242877794,99.89477098103357,99.89081599735933
99.8901570112821,99.89408738427137,99.89801234304838,99.90193123753977,99.9058433105378,99.90974767498574,99.91364328531908,99.9175289009987,99.92140303968677,99.92526391654307,99.92910936471945,99.93293673009403,99.9367427302954,99.94052326361945,99.94427314677392,99.94798575031321,99.95165248537432,99.95526207234929,99.95879948822551,99.96224444185977,99.96556916831558,99.96873528873506,99.97168953955725,99.97435858485808,99.97664444026617,99.97842496418356,99.97956761955913,99.97996298,99.97956761955913,99.97842496418356,99.97664444026617,99.97435858485808,99.97168953955725,99.96873528873506,99.96556916831558,99.96224444185977,99.95879948822551,99.95526207234929,99.95165248537432,99.94798575031321,99.94427314677392,99.94052326361945,99.9367427302954,99.93293673009403,99.92910936471945,99.92526391654307,99.92140303968677,99.9175289009987,99.91364328531908,99.90974767498574,99.9058433105378,99.90193123753977,99.89801234304838,99.89408738427137,99.8901570112821
99.88935716175293,99.8932580792033,99.89715138476689,99.90103618006883,99.90491142205623,99.90877589323337,99.91262816440427,99.91646654768675,99.92028903679312,99.92409323050367,99.92787623376883,99.93163452877828,99.9353638053768,99.93905873602091,99.94271267456611,99.94631724992729,99.94986181439891,99.95333269179213,99.95671215349121,99.95997703589977,99.96309691536784,99.96603181407009,99.96872960416994,99.97112375274783,99.97313296340553,99.97466548489967,99.97563121555415,99.975961746,99.97563121555415,99.97466548489967,99.97313296340553,99.97112375274783,99.96872960416994,99.96603181407009,99.96309691536784,99.95997703589977,99.95671215349121,99.95333269179213,99.94986181439891,99.94631724992729,99.94271267456611,99.93905873602091,99.9353638053768,99.93163452877828,99.92787623376883,99.92409323050367,99.92028903679312,99.91646654768675,99.91262816440427,99.90877589323337,99.90491142205623,99.90103618006883,99.89715138476689,99.8932580792033,99.88935716175293
99.88841947801116,99.8922864312758,99.8961433060063,99.89998893617553,99.90382197294963,99.9076408483836,99.91144373038965,99.91522846652737,99.91899251338732,99.92273284729394,99.92644585064524,99.93012716631407,99.93377151000286,99.93737242710034,99.94092197627457,99.94441031671882,99.947825169983,99.95115112194428,99.95436872906326,99.95745340334055,99.96037408818333,99.96309183169944,99.96555855857689,99.96771667787692,99.96950060841095,99.97084158976723,99.9716766370764,99.971960512,99.9716766370764,99.97084158976723,99.96950060841095,99.96771667787692,99.96555855857689,99.96309183169944,99.96037408818333,99.95745340334055,99.95436872906326,99.95115112194428,99.947825169983,99.94441031671882,99.94092197627457,99.93737242710034,99.93377151000286,99.93012716631407,99.92644585064524,99.92273284729394,99.91899251338732,99.91522846652737,99.91144373038965,99.9076408483836,99.90382197294963,99.89998893617553,99.8961433060063,99.8922864312758,99.88841947801116
99.88734740186626,99.89117625320601,99.89499234377303,99.89879423007416,99.90258024909556,99.90634847643375,99.91009667488751,99.91382223102052,99.91752207649145,99.92119259002935,99.92482947475052,99.92842760402026,99.93198082721554,99.9354817245559,99.93892129776853,99.9422885811448,99.94557015647385,99.94874955740404,99.95180655784984,99.95471636204675,99.95744876187135,99.9599674149438,99.96222953711852,99.9641864848656,99.96578585283423,99.96697564737529,99.96771056107205,99.967959278,99.96771056107205,99.96697564737529,99.96578585283423,99.9641864848656,99.96222953711852,99.9599674149438,99.95744876187135,99.95471636204675,99.95180655784984,99.94874955740404,99.94557015647385,99.9422885811448,99.93892129776853,99.9354817245559,99.93198082721554,99.92842760402026,99.92482947475052,99.92119259002935,99.91752207649145,99.91382223102052,99.91009667488751,99.90634847643375,99.90258024909556,99.89879423007416,99.89499234377303,99.89117625320601,99.88734740186626
99.88614472962438,99.8899317366708,99.89370313931114,99.89745721579601,99.90119199125422,99.90490519155965,99.90859418731664,99.91225592560004,99.91588684649649,99.9194827807714,99.92303882412342,99.92654918249396,99.93000698183171,99.93340403471451,99.9367305556188,99.93997481701564,99.94312274099163,99.94615742769605,99.94905863574357,99.9518022553193,99.95435985766558,99.95669846893809,99.9587807982573,99.96056622523388,99.96201286280456,99.96308086414464,99.96373675976548,99.963958044,99.96373675976548,99.96308086414464,99.96201286280456,99.96056622523388,99.9587807982573,99.95669846893809,99.95435985766558,99.9518022553193,99.94905863574357,99.94615742769605,99.94312274099163,99.93997481701564,99.9367305556188,99.93340403471451,99.93000698183171,99.92654918249396,99.92303882412342,99.9194827807714,99.91588684649649,99.91225592560004,99.90859418731664,99.90490519155965,99.90119199125422,99.89745721579601,99.89370313931114,99.8899317366708,99.88614472962438
99.88481555198129,99.88855738218538,99.89228065602977,99.89598338082125,99.89966328156963,99.90331775206701,99.90694379620156,99.9105379574044,99.91409623369505,99.91761397530298,99.92108576132676,99.92450525140531,99.92786500803787,99.93115628521517,99.93436877979669,99.93749034422287,99.94050666368932,99.94340090932377,99.94615339318605,99.9487412732759,99.95113838863304,99.95331534443336,99.95524000597212,99.95687857765128,99.95819740360484,99.95916549173339,99.9597575216298,99.95995681,99.9597575216298,99.95916549173339,99.95819740360484,99.95687857765128,99.95524000597212,99.95331534443336,99.95113838863304,99.9487412732759,99.94615339318605,99.94340090932377,99.94050666368932,99.93749034422287,99.93436877979669,99.93115628521517,99.92786500803787,99.92450525140531,99.92108576132676,99.91761397530298,99.91409623369505,99.9105379574044,99.90694379620156,99.90331775206701,99.89966328156963,99.89598338082125,99.89228065602977,99.88855738218538,99.88481555198129
99.88336419381042,99.88705792951477,99.89073009890417,99.89437845255114,99.89800043487597,99.90159313395148,99.90515322206056,99.90867688526177,99.91215973995091,99.91559673415388,99.918982031095,99.92230887254331,99.9255694196886,99.92875457007294,99.93185375075991,99.93485469099396,99.93774318281913,99.94050284640849,99.94311492915104,99.94555818440305,99.94780889649095,99.94984113951163,99.95162737049228,99.95313944851486,99.95435012283158,99.95523493230775,99.95577431418856,99.955955576,99.95577431418856,99.95523493230775,99.95435012283158,99.95313944851486,99.95162737049228,99.94984113951163,99.94780889649095,99.94555818440305,99.94311492915104,99.94050284640849,99.93774318281913,99.93485469099396,99.93185375075991,99.92875457007294,99.9255694196886,99.92230887254331,99.918982031095,99.91559673415388,99.91215973995091,99.90867688526177,99.90515322206056,99.90159313395148,99.89800043487597,99.89437845255114,99.89073009890417,99.88705792951477,99.88336419381042
99.8817951555449,99.88543829063491,99.88905683773818,99.8926483104341,99.89620989809885,99.89973841586803,99.90323024618894,99.90668127062239,99.91008679044404,99.91344143455063,99.91673905325632,99.91997259686424,99.92313397855585,99.92621392236572,99.92920179908604,99.93208545625086,99.93485105332661,99.9374829203125,99.93996346734984,99.94227318428449,99.94439078086636,99.94629352690175,99.94795785119105,99.94936024039697,99.9504784364882,99.95129286240547,99.95178812124949,99.951954342,99.95178812124949,99.95129286240547,99.9504784364882,99.94936024039697,99.94795785119105,99.94629352690175,99.94439078086636,99.94227318428449,99.93996346734984,99.9374829203125,99.93485105332661,99.93208545625086,99.92920179908604,99.92621392236572,99.92313397855585,99.91997259686424,99.91673905325632,99.91344143455063,99.91008679044404,99.90668127062239,99.90323024618894,99.89973841586803,99.89620989809885,99.8926483104341,99.88905683773818,99.88543829063491,99.8817951555449
99.88011305756314,99.88370348686715,99.88726633614195,99.89079890583488,99.89429816005925,99.89776067798122,99.90118259785413,99.90455955277315,99.90788659724633,99.91115812379931,99.91436776911198,99.91750830971026,99.92057154812751,99.92354819186664,99.92642772963364,99.92919831240104,99.93184665109578,99.93435794818213,99.93671588693155,99.93890270900556,99.9408994165269,99.94268613634678,99.94424267790811,99.9455492978295,99.94658765155079,99.94734186703975,99.94779962675555,99.947953108,99.94779962675555,99.94734186703975,99.94658765155079,99.9455492978295,99.94424267790811,99.94268613634678,99.9408994165269,99.93890270900556,99.93671588693155,99.93435794818213,99.93184665109578,99.92919831240104,99.92642772963364,99.92354819186664,99.92057154812751,99.91750830971026,99.91436776911198,99.91115812379931,99.90788659724633,99.90455955277315,99.90118259785413,99.89776067798122,99.89429816005925,99.89079890583488,99.88726633614195,99.88370348686715,99.88011305756314
99.87832258866942,99.88185859139102,99.88536408752877,99.88883619101473,99.8922716730469,99.8956669159465,99.89901786084603,99.90231994866856,99.90556805398536,99.90875641157807,99.9118785359398,99.91492713459562,99.91789401709917,99.92077000297796,99.92354483386904,99.92620709771182,99.92874417618108,99.93114223044483,99.93338624445272,99.93546014852735,99.93734704773028,99.93902957743207,99.94049040053814,99.94171284508477,99.94268165714091,99.94338381478666,99.94380932080752,99.943951874,99.94380932080752,99.94338381478666,99.94268165714091,99.94171284508477,99.94049040053814,99.93902957743207,99.93734704773028,99.93546014852735,99.93338624445272,99.93114223044483,99.92874417618108,99.92620709771182,99.92354483386904,99.92077000297796,99.91789401709917,99.91492713459562,99.9118785359398,99.90875641157807,99.90556805398536,99.90231994866856,99.89901786084603,99.8956669159465,99.8922716730469,99.88883619101473,99.88536408752877,99.88185859139102,99.87832258866942
99.87642845943985,99.87990867793046,99.88335555891338,99.88676605793134,99.89013678670088,99.89346397024288,99.89674339906617,99.8999703762058,99.90313965911474,99.90624539671883,99.90928106241579,99.91223938448023,99.91511227629151,99.91789077009003,99.92056495964368,99.92312395928244,99.92555588917577,99.92784789929317,99.92998624680529,99.93195644309408,99.93374348608319,99.93533219010659,99.93670761786431,99.93785560655691,99.93876336360961,99.93942008883789,99.93981756372155,99.93995064,99.93981756372155,99.93942008883789,99.93876336360961,99.93785560655691,99.93670761786431,99.93533219010659,99.93374348608319,99.93195644309408,99.92998624680529,99.92784789929317,99.92555588917577,99.92312395928244,99.92056495964368,99.91789077009003,99.91511227629151,99.91223938448023,99.90928106241579,99.90624539671883,99.90313965911474,99.8999703762058,99.89674339906617,99.89346397024288,99.89013678670088,99.88676605793134,99.88335555891338,99.87990867793046,99.87642845943985
99.87443536090223,99.87785877603466,99.88124614283421,99.88459428700557,99.8878996940604,99.89115847028017,99.89436629992397,99.89751839876469,99.90060946427475,99.90363362312635,99.90658437715375,99.90945454958005,99.91223623417518,99.9149207511096,99.91749861460707,99.91995951904347,99.92229235178084,99.92448524255649,99.92652566031768,99.9284005684956,99.93009664820802,99.93160059509212,99.93289948888605,99.93398122546007,99.93483498951313,99.93545173440167,99.93582462628272,99.935949406,99.93582462628272,99.93545173440167,99.93483498951313,99.93398122546007,99.93289948888605,99.93160059509212,99.93009664820802,99.9284005684956,99.92652566031768,99.92448524255649,99.92229235178084,99.91995951904347,99.91749861460707,99.9149207511096,99.91223623417518,99.90945454958005,99.90658437715375,99.90363362312635,99.90060946427475,99.89751839876469,99.89436629992397,99.89115847028017,99.8878996940604,99.88459428700557,99.88124614283421,99.87785877603466,99.87443536090223
99.87234792875107,99.87571383305395,99.87904111734089,99.88232650555821,99.88556638914139,99.88875679214378,99.89189333372016,99.89497118826654,99.8979850437723,99.90092905928506,99.903796822848,99.90658131185816,99.90927485853337,99.91186912405892,99.91435508599956,99.91672304463934,99.91896265494142,99.92106299160633,99.92301265497407,99.92479992490601,99.9264129678942,99.92784009912603,99.92907009591053,99.93009255194086,99.9308982540442,99.9314795556484,99.93183071590414,99.931948172,99.93183071590414,99.9314795556484,99.9308982540442,99.93009255194086,99.92907009591053,99.92784009912603,99.9264129678942,99.92479992490601,99.92301265497407,99.92106299160633,99.91896265494142,99.91672304463934,99.91435508599956,99.91186912405892,99.90927485853337,99.90658131185816,99.903796822848,99.90092905928506,99.8979850437723,99.89497118826654,99.89189333372016,99.88875679214378,99.88556638914139,99.88232650555821,99.87904111734089,99.87571383305395,99.87234792875107
99.87017071307453,99.8734786826516,99.87674561369438,99.8799681552938,99.88314263504778,99.88626502849354,99.88933092688752,99.89233550379268,99.89527348118277,99.89813909609877,99.90092606930389,99.90362757788881,99.90623623437823,99.90874407556998,99.91114256506305,99.91342261413293,99.91557462618634,99.91758857030985,99.91945408921879,99.92116064597185,99.92269771191242,99.9240549952691,99.925222705695,99.92619184500629,99.92695450908116,99.92750418119935,99.92783599412743,99.927946938,99.92783599412743,99.92750418119935,99.92695450908116,99.92619184500629,99.925222705695,99.9240549952691,99.92269771191242,99.92116064597185,99.91945408921879,99.91758857030985,99.91557462618634,99.91342261413293,99.91114256506305,99.90874407556998,99.90623623437823,99.90362757788881,99.90092606930389,99.89813909609877,99.89527348118277,99.89233550379268,99.88933092688752,99.88626502849354,99.88314263504778,99.8799681552938,99.87674561369438,99.8734786826516,99.87017071307453
99.86790815339297,99.87115801949653,99.87436459121706,99.87752446799439,99.88063394142364,99.88368896896658,99.8866851468692,99.88961768284705,99.8924813693351,99.89527055838946,99.89797913968185,99.90060052344174,99.90312763066768,99.90555289342677,99.90786826854956,99.91006526844397,99.91213501300258,99.91406830654493,99.9158557432735,99.91748784368315,99.9189552226232,99.92024878721891,99.92135995968938,99.92228091650016,99.92300483170968,99.92352610942253,99.92384058863111,99.923945704,99.92384058863111,99.92352610942253,99.92300483170968,99.92228091650016,99.92135995968938,99.92024878721891,99.9189552226232,99.91748784368315,99.9158557432735,99.91406830654493,99.91213501300258,99.91006526844397,99.90786826854956,99.90555289342677,99.90312763066768,99.90060052344174,99.89797913968185,99.89527055838946,99.8924813693351,99.88961768284705,99.8866851468692,99.88368896896658,99.88063394142364,99.87752446799439,99.87436459121706,99.87115801949653,99.86790815339297
99.86556455867748,99.86875637964617,99.87190281859627,99.87500044846648,99.87804554996401,99.88103408940549,99.88396169648094,99.88682364255914,99.8896148203626,99.89232972609128,99.89496244536556,99.8975066446857,99.89995557045202,99.9023020579358,99.90453855289395,99.90665714872803,99.90864964212669,99.91050760991246,99.91222250924308,99.91378580230855,99.91518910515988,99.91642435831189,99.91748401437552,99.91836123541123,99.91905009028059,99.91954574042612,99.91984460165665,99.91994447,99.91984460165665,99.91954574042612,99.91905009028059,99.91836123541123,99.91748401437552,99.91642435831189,99.91518910515988,99.91378580230855,99.91222250924308,99.91050760991246,99.90864964212669,99.90665714872803,99.90453855289395,99.9023020579358,99.89995557045202,99.8975066446857,99.89496244536556,99.89232972609128,99.8896148203626,99.88682364255914,99.88396169648094,99.88103408940549,99.87804554996401,99.87500044846648,99.87190281859627,99.86875637964617,99.86556455867748
99.86314409192822,99.86627812604458,99.86936486087522,99.87240086374058,99.87538242670414,99.8783055483017,99.88116591577266,99.88395888843108,99.88667948299558,99.88932236190561,99.89188182588413,99.89435181225335,99.89672590075845,99.89899732887615,99.90115901875157,99.90320361796972,99.9051235562737,99.90691112002956,99.90855854564722,99.91005813225115,99.91140237263814,99.91258409999233,99.91359664604802,99.91443400456869,99.91509099238507,99.91556339908458,99.9158481160392,99.915943236,99.9158481160392,99.91556339908458,99.91509099238507,99.91443400456869,99.91359664604802,99.91258409999233,99.91140237263814,99.91005813225115,99.90855854564722,99.90691112002956,99.9051235562737,99.90320361796972,99.90115901875157,99.89899732887615,99.89672590075845,99.89435181225335,99.89188182588413,99.88932236190561,99.88667948299558,99.88395888843108,99.88116591577266,99.8783055483017,99.87538242670414,99.87240086374058,99.86936486087522,99.86627812604458,99.86314409192822
99.86065075884036,99.86372743852203,99.8667550713469,99.86973023753853,99.87264925986958,99.87550818897708,99.8783027896303,99.8810285285803,99.88368056477196,99.886253742867,99.88874259120504,99.89114132550978,99.89344385981198,99.89564382619237,99.89773460501338,99.89970936727805,99.90156113058467,99.9032828297986,99.90486740300103,99.90630789247878,99.90759755949236,99.90873001034421,99.9096993299484,99.91050021781162,99.91112812024173,99.9115793518924,99.91185119960109,99.911942002,99.91185119960109,99.9115793518924,99.91112812024173,99.91050021781162,99.9096993299484,99.90873001034421,99.90759755949236,99.90630789247878,99.90486740300103,99.9032828297986,99.90156113058467,99.89970936727805,99.89773460501338,99.89564382619237,99.89344385981198,99.89114132550978,99.88874259120504,99.886253742867,99.88368056477196,99.8810285285803,99.8783027896303,99.87550818897708,99.87264925986958,99.86973023753853,99.8667550713469,99.86372743852203,99.86065075884036
99.85808840006388,99.8611083076767,99.86407758758604,99.86699284907785,99.86985046217359,99.87264654619355,99.87537695960846,99.8780372917797,99.88062285731166,99.88312869387043,99.88554956445505,99.88787996523176,99.89011414014338,99.8922461035673,99.89426967229583,99.89617850802252,99.89796617131348,99.89962618769604,99.90115212598933,99.90253768832811,99.90377681050583,99.90486377032681,99.9057933006818,99.90656070314675,99.9071619571704,99.90759381949009,99.90785390840394,99.907940768,99.90785390840394,99.90759381949009,99.9071619571704,99.90656070314675,99.9057933006818,99.90486377032681,99.90377681050583,99.90253768832811,99.90115212598933,99.89962618769604,99.89796617131348,99.89617850802252,99.89426967229583,99.8922461035673,99.89011414014338,99.88787996523176,99.88554956445505,99.88312869387043,99.88062285731166,99.8780372917797,99.87537695960846,99.87264654619355,99.86985046217359,99.86699284907785,99.86407758758604,99.8611083076767,99.85808840006388
99.85546068656542,99.85842453203985,99.8613363309005,99.86419273536318,99.8669901765728,99.86972485606172,99.87239273873271,99.87498954792443,99.87751076321514,99.879951621718,99.88230712371542,99.88457204355903,99.88674094681599,99.88880821465533,99.8907680764239,99.89261465124079,99.89434199922326,99.89594418263194,99.89741533677915,99.89874974998482,99.89994195120762,99.90098680326271,99.9018795988179,99.90261615571289,99.90319290765581,99.90360698610306,99.90385628919094,99.903939534,99.90385628919094,99.90360698610306,99.90319290765581,99.90261615571289,99.9018795988179,99.90098680326271,99.89994195120762,99.89874974998482,99.89741533677915,99.89594418263194,99.89434199922326,99.89261465124079,99.8907680764239,99.88880821465533,99.88674094681599,99.88457204355903,99.88230712371542,99.879951621718,99.87751076321514,99.87498954792443,99.87239273873271,99.86972485606172,99.8669901765728,99.86419273536318,99.8613363309005,99.85842453203985,99.85546068656542
99.85277111761991,99.85567971796421,99.85853500854667,99.8613336962096,99.86407228462565,99.86674706829908,99.86935412824398,99.87188932984763,99.87434832350148,99.87672654865345,99.87901924199737,99.88122145056076,99.88332805047104,99.88533377216072,99.88723323270179,99.88902097582475,99.89069151996807,99.89223941440912,99.89365930314837,99.89494599575984,99.89609454390221,99.89710032163855,99.897959107183,99.89866716323476,99.89922131273484,99.89961900674486,99.89985838124491,99.8999383,99.89985838124491,99.89961900674486,99.89922131273484,99.89866716323476,99.897959107183,99.89710032163855,99.89609454390221,99.89494599575984,99.89365930314837,99.89223941440912,99.89069151996807,99.88902097582475,99.88723323270179,99.88533377216072,99.88332805047104,99.88122145056076,99.87901924199737,99.87672654865345,99.87434832350148,99.87188932984763,99.86935412824398,99.86674706829908,99.86407228462565,99.8613336962096,99.85853500854667,99.85567971796421,99.85277111761991
99.85002302099093,99.85287728172479,99.85567711812506,99.85841930134129,99.86110041672961,99.86371686005712,99.86626483546692,99.86874035565837,99.87113924479235,99.8734571446794,99.8756895248473,99.87783169710319,99.87987883520091,99.88182600018325,99.88366817188452,99.88540028694325,99.88701728347802,99.88851415232108,99.88988599438451,99.89112808336083,99.89223593255315,99.89320536421388,99.89403257938079,99.89471422587695,99.89524746192723,99.89563001277816,99.89586021781909,99.895937066,99.89586021781909,99.89563001277816,99.89524746192723,99.89471422587695,99.89403257938079,99.89320536421388,99.89223593255315,99.89112808336083,99.88988599438451,99.88851415232108,99.88701728347802,99.88540028694325,99.88366817188452,99.88182600018325,99.87987883520091,99.87783169710319,99.8756895248473,99.8734571446794,99.87113924479235,99.86874035565837,99.86626483546692,99.86371686005712,99.86110041672961,99.85841930134129,99.85567711812506,99.85287728172479,99.85002302099093
99.8472195548981,99.85002045337603,99.85276595364681,99.85545289900682,99.8580779636366,99.86063765068882,99.8631282921655,99.86554605098573,99.86788692568284,99.87014675820168,99.87232124528516,99.87440595394075,99.87639634145572,99.87828778037711,99.88007558878388,99.88175506604708,99.88332153409677,99.88477038399121,99.88609712731659,99.8872974516458,99.88836727896566,99.889302825666,99.8901006623972,99.89075777187584,99.89127160257995,99.89164011625361,99.89186182725082,99.891935832,99.89186182725082,99.89164011625361,99.89127160257995,99.89075777187584,99.8901006623972,99.889302825666,99.88836727896566,99.8872974516458,99.88609712731659,99.88477038399121,99.88332153409677,99.88175506604708,99.88007558878388,99.87828778037711,99.87639634145572,99.87440595394075,99.87232124528516,99.87014675820168,99.86788692568284,99.86554605098573,99.8631282921655,99.86063765068882,99.8580779636366,99.85545289900682,99.85276595364681,99.85002045337603,99.8472195548981
