-0.012358814674752258,-0.012473749729437595,-0.012589582966223558,-0.012706129638726398,-0.012823177271901319,-0.012940483386391165,-0.013057773308713628,-0.01317473815246501,-0.013291033074380532,-0.013406275928403894,-0.013520046459706683,-0.013631886197216057,-0.013741299215510303,-0.013847753942300377,-0.01395068618313812,-0.014049503517336796,-0.014143591185426005,-0.014232319536565428,-0.014315053033293342,-0.01439116072182747,-0.014460027972441588,-0.014521069182669202,-0.01457374102553516,-0.014617555727245886,-0.014652093786415306,-0.01467701551195841,-0.014692070768566809,-0.014697106381869867,-0.014692070768566809,-0.014677015511958411,-0.014652093786415306,-0.014617555727245886,-0.01457374102553516,-0.014521069182669202,-0.014460027972441588,-0.01439116072182747,-0.01431505303329334,-0.014232319536565428,-0.014143591185426005,-0.014049503517336795,-0.01395068618313812,-0.013847753942300376,-0.013741299215510306,-0.013631886197216057,-0.013520046459706683,-0.013406275928403898,-0.013291033074380532,-0.013174738152465011,-0.01305777330871363,-0.012940483386391166,-0.01282317727190132,-0.0127061296387264,-0.012589582966223556,-0.012473749729437598,-0.012358814674752258
-0.012011663958952971,-0.012127688493636955,-0.0122448320183075,-0.012362918923249215,-0.012481744470727453,-0.012601072077154607,-0.01272063062337012,-0.0128401118819374,-0.012959168173480709,-0.01307741038903774,-0.013194406540998871,-0.013309681029633756,-0.013422714832949706,-0.01353294684142186,-0.013639776562044688,-0.013742568403787426,-0.013840657724458805,-0.013933358763360094,-0.014019974502523923,-0.014099808391804504,-0.014172177742979441,-0.014236428452818613,-0.014291950566553384,-0.01433819405686776,-0.01437468408720063,-0.01440103496939022,-0.014416962028897503,-0.014422290664107417,-0.014416962028897503,-0.014401034969390216,-0.01437468408720063,-0.01433819405686776,-0.014291950566553384,-0.014236428452818613,-0.014172177742979441,-0.014099808391804502,-0.01401997450252392,-0.013933358763360094,-0.013840657724458805,-0.013742568403787426,-0.013639776562044688,-0.01353294684142186,-0.013422714832949706,-0.013309681029633752,-0.013194406540998873,-0.013077410389037742,-0.01295916817348071,-0.012840111881937398,-0.012720630623370121,-0.012601072077154612,-0.012481744470727458,-0.012362918923249215,-0.012244832018307504,-0.012127688493636952,-0.012011663958952973
-0.011656826596448148,-0.01177377353486795,-0.011892071150027215,-0.012011555444911802,-0.012132032078442833,-0.01225327317024113,-0.012375014058897965,-0.012496950103469488,-0.012618733645838659,-0.012739971282946398,-0.012860221631601283,-0.012978993802768466,-0.013095746834087348,-0.01320989035495541,-0.013320786772819353,-0.013427755266374743,-0.013530077844733677,-0.013627007675093308,-0.013717779790248326,-0.0138016241594917,-0.013877780944475109,-0.013945517573618543,-0.014004147069285731,-0.014053046871883017,-0.014091677249262571,-0.014119598284201465,-0.014136484419556299,-0.01414213562373095,-0.014136484419556299,-0.014119598284201465,-0.014091677249262571,-0.014053046871883017,-0.014004147069285731,-0.013945517573618543,-0.013877780944475109,-0.0138016241594917,-0.013717779790248326,-0.013627007675093306,-0.013530077844733677,-0.013427755266374743,-0.013320786772819351,-0.01320989035495541,-0.01309574683408735,-0.012978993802768467,-0.012860221631601287,-0.0127399712829464,-0.012618733645838659,-0.012496950103469488,-0.012375014058897967,-0.01225327317024113,-0.012132032078442833,-0.012011555444911802,-0.011892071150027212,-0.011773773534867948,-0.011656826596448152
-0.011294038315278589,-0.011411713363144105,-0.011530980547912482,-0.01165169018989594,-0.011773661303057953,-0.0118966778945422,-0.01202048512425405,-0.01214478541089923,-0.012269234603716766,-0.012393438377478846,-0.012516949051377999,-0.012639263078448622,-0.012759819498198162,-0.01287799968665706,-0.012993128768908702,-0.013104479071496124,-0.01321127597682558,-0.013312706489317322,-0.013407930725175078,-0.013496096388927716,-0.013576356100498212,-0.013647887194492921,-0.013709913346227476,-0.013761727113994024,-0.013802712259225206,-0.013832364553686496,-0.013850309740207676,-0.013856317403985807,-0.013850309740207676,-0.013832364553686497,-0.013802712259225206,-0.013761727113994024,-0.013709913346227476,-0.013647887194492921,-0.01357635610049821,-0.013496096388927716,-0.013407930725175076,-0.013312706489317322,-0.013211275976825579,-0.013104479071496124,-0.012993128768908702,-0.012877999686657059,-0.012759819498198162,-0.012639263078448619,-0.012516949051378002,-0.012393438377478845,-0.012269234603716766,-0.012144785410899228,-0.012020485124254047,-0.011896677894542202,-0.011773661303057957,-0.011651690189895939,-0.011530980547912482,-0.011411713363144105,-0.011294038315278589
-0.010923038595787663,-0.011041217739016222,-0.011161238719471419,-0.011282969083960238,-0.011406244444663682,-0.011530864256916358,-0.011656587343297836,-0.011783127241585405,-0.011910147491561844,-0.012037257021185278,-0.012164005845971083,-0.012289881355301933,-0.0124143055229406,-0.012536633441426503,-0.012656153634008526,-0.012772090633372486,-0.012883610321282015,-0.012989828483406594,-0.013089822935260382,-0.013182649407429105,-0.013267361136737496,-0.013343031800802803,-0.013408781076476608,-0.0134638017332671,-0.013507386839750916,-0.013538955420566497,-0.013558074807714846,-0.013564478021656416,-0.013558074807714844,-0.013538955420566497,-0.013507386839750916,-0.0134638017332671,-0.013408781076476608,-0.0133430318008028,-0.013267361136737496,-0.013182649407429105,-0.013089822935260382,-0.012989828483406591,-0.012883610321282013,-0.012772090633372484,-0.012656153634008526,-0.012536633441426501,-0.012414305522940601,-0.012289881355301933,-0.012164005845971087,-0.012037257021185277,-0.011910147491561844,-0.011783127241585407,-0.011656587343297838,-0.01153086425691636,-0.011406244444663684,-0.011282969083960237,-0.01116123871947142,-0.011041217739016222,-0.010923038595787662
-0.010543573956434167,-0.010662000980567111,-0.010782525755340073,-0.01090503612755223,-0.011029387803970543,-0.011155399606847477,-0.011282848341181942,-0.011411463335320775,-0.011540920757686852,-0.01167083786470242,-0.011800767399004809,-0.011930192432377227,-0.012058522032239463,-0.012185088219338187,-0.012309144769396499,-0.012429868480900906,-0.012546363568705277,-0.012657669828926282,-0.012762775133220845,-0.012860632630329412,-0.012950182747126466,-0.013030379691136192,-0.013100221682020907,-0.013158783625168652,-0.013205250453577294,-0.013238948987910093,-0.013259375983182206,-0.01326622010973736,-0.013259375983182206,-0.013238948987910093,-0.01320525045357729,-0.013158783625168652,-0.013100221682020905,-0.013030379691136192,-0.012950182747126466,-0.012860632630329412,-0.012762775133220845,-0.012657669828926282,-0.012546363568705275,-0.012429868480900906,-0.012309144769396495,-0.012185088219338187,-0.012058522032239465,-0.011930192432377227,-0.011800767399004809,-0.011670837864702424,-0.011540920757686852,-0.011411463335320775,-0.011282848341181944,-0.011155399606847478,-0.011029387803970541,-0.010905036127552233,-0.010782525755340071,-0.01066200098056711,-0.010543573956434167
-0.010155401813176075,-0.01027378592154541,-0.01039452732060856,-0.010517537335094432,-0.010642695462310168,-0.010769844126207755,-0.010898782888625802,-0.01102926215467659,-0.011160976452541618,-0.011293557425676426,-0.011426566749571763,-0.011559489276756447,-0.011691726821812633,-0.01182259311901457,-0.01195131061073349,-0.012077009841299606,-0.012198732318301844,-0.01231543773440381,-0.01242601638570378,-0.012529307444612607,-0.012624123419531114,-0.012709280649714095,-0.01278363505814981,-0.01284612167076107,-0.012895795698313775,-0.01293187239051611,-0.012953762542259188,-0.012961100570553412,-0.012953762542259188,-0.01293187239051611,-0.012895795698313776,-0.01284612167076107,-0.01278363505814981,-0.012709280649714095,-0.012624123419531114,-0.012529307444612607,-0.01242601638570378,-0.012315437734403814,-0.012198732318301844,-0.012077009841299606,-0.01195131061073349,-0.011822593119014568,-0.011691726821812633,-0.01155948927675645,-0.011426566749571763,-0.011293557425676426,-0.01116097645254162,-0.011029262154676589,-0.010898782888625802,-0.010769844126207757,-0.010642695462310165,-0.010517537335094432,-0.010394527320608558,-0.01027378592154541,-0.010155401813176076
-0.009758294953358854,-0.009876308581589395,-0.00999693946029609,-0.010120125591501251,-0.010245774078040797,-0.010373755424028191,-0.010503897120670274,-0.010635976519692905,-0.010769713039416786,-0.010904759809163713,-0.01104069493990955,-0.011177012716065214,-0.011313115136467466,-0.011448304390490747,-0.011581777030948155,-0.01171262078501846,-0.011839815104010401,-0.011962236657418723,-0.012078670980943501,-0.012187831339996036,-0.012288385520355168,-0.01237899067381456,-0.012458335532209566,-0.012525188315169456,-0.012578447616401036,-0.01261719263934142,-0.012640728573968514,-0.01264862284993904,-0.012640728573968514,-0.01261719263934142,-0.012578447616401036,-0.012525188315169456,-0.012458335532209567,-0.01237899067381456,-0.012288385520355168,-0.012187831339996036,-0.012078670980943505,-0.011962236657418723,-0.011839815104010403,-0.01171262078501846,-0.011581777030948157,-0.011448304390490745,-0.011313115136467466,-0.01117701271606521,-0.011040694939909555,-0.010904759809163713,-0.010769713039416786,-0.010635976519692902,-0.010503897120670277,-0.010373755424028193,-0.010245774078040797,-0.010120125591501251,-0.00999693946029609,-0.009876308581589395,-0.009758294953358853
-0.009352046652904062,-0.009469323599003333,-0.009589474296438812,-0.009712466536161361,-0.009838238848257366,-0.009966694429371079,-0.010097694171640453,-0.010231048749644023,-0.010366509760380307,-0.01050375997071635,-0.010642402813008722,-0.010781951388798188,-0.010921817397724182,-0.011061300606442972,-0.01119957970725277,-0.011335705676162607,-0.011468598999881861,-0.011597052358112774,-0.011719740460004712,-0.011835238663625862,-0.011942051670433053,-0.012038652912212448,-0.01212353420823113,-0.01219526391477092,-0.012252550270579577,-0.01229430521875487,-0.012319702986444643,-0.012328227447609814,-0.012319702986444643,-0.01229430521875487,-0.012252550270579577,-0.01219526391477092,-0.01212353420823113,-0.012038652912212448,-0.011942051670433051,-0.01183523866362586,-0.011719740460004712,-0.011597052358112774,-0.011468598999881863,-0.011335705676162607,-0.011199579707252766,-0.011061300606442972,-0.010921817397724187,-0.010781951388798188,-0.010642402813008722,-0.010503759970716352,-0.010366509760380305,-0.010231048749644025,-0.010097694171640454,-0.009966694429371075,-0.009838238848257366,-0.009712466536161363,-0.009589474296438817,-0.009469323599003331,-0.009352046652904062
-0.00893647644765203,-0.009052610459305978,-0.009171866679140519,-0.009294245573587398,-0.009419720780302026,-0.009548232780791832,-0.009679681486976718,-0.009813917641224502,-0.009950732958733591,-0.010089848993367807,-0.010230904791685713,-0.010373443524732599,-0.010516898463309826,-0.010660578898473317,-0.010803656908653097,-0.01094515623186889,-0.011083944893263992,-0.011218733617452379,-0.0113480823437642,-0.011470417249232192,-0.011584060433479607,-0.011687273696312846,-0.01177831655234401,-0.011855516791323448,-0.011917349684347848,-0.011962519719990605,-0.011990037046743538,-0.011999280145075371,-0.011990037046743538,-0.011962519719990605,-0.011917349684347846,-0.011855516791323448,-0.01177831655234401,-0.011687273696312846,-0.011584060433479607,-0.011470417249232192,-0.0113480823437642,-0.011218733617452379,-0.011083944893263992,-0.01094515623186889,-0.010803656908653097,-0.010660578898473317,-0.01051689846330983,-0.010373443524732602,-0.010230904791685713,-0.010089848993367812,-0.009950732958733593,-0.0098139176412245,-0.009679681486976718,-0.009548232780791838,-0.009419720780302026,-0.009294245573587396,-0.009171866679140519,-0.009052610459305978,-0.008936476447652029
-0.008511436544981736,-0.008625980527286015,-0.008743881829101624,-0.00886517608783083,-0.00898987540110592,-0.009117961903917603,-0.009249380080023482,-0.009384027640146645,-0.009521744813611989,-0.00966230193726977,-0.009805385296883911,-0.009950581295604192,-0.010097359208161747,-0.010245053045380512,-0.010392843416251392,-0.01053974074013297,-0.010684571717093274,-0.01082597156586776,-0.010962385095947073,-0.011092080044722523,-0.011213176077156852,-0.011323692177032631,-0.011421613647807043,-0.0115049775082566,-0.011571971879160267,-0.011621041506994249,-0.011650988664161472,-0.011661057241948517,-0.011650988664161472,-0.011621041506994252,-0.011571971879160267,-0.0115049775082566,-0.011421613647807043,-0.011323692177032631,-0.011213176077156852,-0.011092080044722523,-0.010962385095947077,-0.010825971565867757,-0.010684571717093274,-0.01053974074013297,-0.010392843416251392,-0.010245053045380512,-0.010097359208161747,-0.009950581295604192,-0.009805385296883913,-0.009662301937269769,-0.009521744813611989,-0.009384027640146645,-0.009249380080023482,-0.009117961903917605,-0.00898987540110592,-0.008865176087830832,-0.008743881829101626,-0.008625980527286019,-0.008511436544981732
-0.008076818829529375,-0.00818928485520834,-0.008305323972447204,-0.008425008901455307,-0.008548392999541563,-0.008675503943673982,-0.00880633599070421,-0.008940840573495628,-0.009078914983495183,-0.009220388903004946,-0.009365008596685436,-0.009512418669766482,-0.00966214147363347,-0.00981355451638201,-0.009965866647227409,-0.010118094355581633,-0.010269040267863351,-0.010417276811355245,-0.010561138955876924,-0.010698730760700891,-0.010827950855996266,-0.01094654158807956,-0.011052164944359462,-0.01114250526345067,-0.011215394191185802,-0.011268947982435409,-0.01130170230694626,-0.011312726815405736,-0.01130170230694626,-0.011268947982435409,-0.011215394191185802,-0.01114250526345067,-0.011052164944359462,-0.01094654158807956,-0.010827950855996266,-0.010698730760700891,-0.010561138955876924,-0.010417276811355241,-0.010269040267863355,-0.010118094355581633,-0.009965866647227407,-0.00981355451638201,-0.009662141473633472,-0.009512418669766485,-0.009365008596685436,-0.009220388903004945,-0.009078914983495187,-0.008940840573495624,-0.00880633599070421,-0.008675503943673984,-0.008548392999541563,-0.00842500890145531,-0.008305323972447202,-0.008189284855208338,-0.008076818829529375
-0.0076325623765641625,-0.007742422694109993,-0.007856045918223947,-0.007973542966246423,-0.00809501044303109,-0.008220524668004268,-0.008350134164346873,-0.008483850291981667,-0.008621635669997085,-0.00876339001211886,-0.008908933004889001,-0.009057983913496792,-0.009210137735024972,-0.009364837974050721,-0.009521346541880707,-0.009678711934145242,-0.009835737770412275,-0.009990954999769475,-0.010142602530449565,-0.010288622543040145,-0.010426677922529205,-0.010554199507695068,-0.010668469465829,-0.010766743368422909,-0.010846407214824515,-0.010905157368216022,-0.010941182963115439,-0.010953324609450777,-0.010941182963115439,-0.010905157368216026,-0.010846407214824516,-0.010766743368422909,-0.010668469465829,-0.010554199507695068,-0.010426677922529205,-0.010288622543040145,-0.010142602530449565,-0.009990954999769477,-0.009835737770412275,-0.00967871193414524,-0.009521346541880707,-0.009364837974050721,-0.009210137735024972,-0.009057983913496792,-0.008908933004889001,-0.008763390012118857,-0.008621635669997086,-0.00848385029198167,-0.008350134164346875,-0.008220524668004268,-0.008095010443031087,-0.007973542966246423,-0.00785604591822395,-0.007742422694109994,-0.0076325623765641625
-0.007178661338595659,-0.007285350578466864,-0.007395959463471364,-0.007510637199280039,-0.007629524530073325,-0.00775274837838675,-0.007880414892318395,-0.008012600510174122,-0.008149340583015785,-0.00829061502925057,-0.008436330445241091,-0.008586298083732296,-0.008740207172329775,-0.008897593229205258,-0.00905780141541179,-0.00921994563642216,-0.009382865175875714,-0.009545082204764011,-0.009704765585162749,-0.009859708847677513,-0.010007332654873755,-0.010144723660728126,-0.010268721212003411,-0.01037605938818027,-0.01046356342108856,-0.010528386893393067,-0.010568261820136387,-0.010581722544085155,-0.010568261820136387,-0.010528386893393065,-0.01046356342108856,-0.01037605938818027,-0.010268721212003411,-0.010144723660728126,-0.010007332654873755,-0.009859708847677513,-0.00970476558516275,-0.009545082204764011,-0.009382865175875716,-0.009219945636422162,-0.00905780141541179,-0.008897593229205258,-0.008740207172329777,-0.008586298083732296,-0.008436330445241091,-0.008290615029250568,-0.008149340583015785,-0.008012600510174123,-0.007880414892318395,-0.007752748378386749,-0.0076295245300733285,-0.00751063719928004,-0.007395959463471367,-0.0072853505784668615,-0.0071786613385956596
-0.006715173016216282,-0.0068180917876098255,-0.006925046430187958,-0.007036223282996091,-0.0071518067315002164,-0.007271974742306894,-0.007396892830485265,-0.007526706012182352,-0.0076615281896818144,-0.007801428298703918,-0.00794641242745741,-0.008096401012198112,-0.008251200158789128,-0.008410466191565163,-0.008573662780720678,-0.008740010581361493,-0.00890843041104216,-0.009077482808205617,-0.00924530953735174,-0.009409586278044465,-0.009567500037186085,-0.00971576880007123,-0.00985072274819437,-0.009968463381129606,-0.010065106433401852,-0.0101370956417204,-0.010181550176844292,-0.01019658687993193,-0.010181550176844292,-0.0101370956417204,-0.010065106433401853,-0.009968463381129606,-0.009850722748194369,-0.009715768800071231,-0.009567500037186085,-0.009409586278044463,-0.009245309537351741,-0.00907748280820562,-0.008908430411042162,-0.008740010581361491,-0.008573662780720678,-0.008410466191565165,-0.00825120015878913,-0.008096401012198114,-0.00794641242745741,-0.007801428298703917,-0.007661528189681818,-0.007526706012182353,-0.007396892830485264,-0.007271974742306896,-0.00715180673150022,-0.007036223282996091,-0.006925046430187956,-0.006818091787609828,-0.006715173016216286
-0.006242225865319973,-0.006340745912293713,-0.006443370044473091,-0.006550319132071587,-0.006661819033640909,-0.006778097299189171,-0.006899378426775626,-0.007025877192590338,-0.0071577894351688405,-0.007295279504827469,-0.007438463391185724,-0.007587386324592274,-0.00774199343678151,-0.007902091914717652,-0.008067303086201317,-0.008237003200266326,-0.00841025256485685,-0.008585714538548056,-0.008761569079325366,-0.008935430523979843,-0.009104286059785078,-0.009264479142939892,-0.009411768544914458,-0.009541494376999221,-0.00964887157991595,-0.009729404594168314,-0.009779376211019554,-0.009796321554542806,-0.009779376211019554,-0.009729404594168314,-0.00964887157991595,-0.009541494376999221,-0.00941176854491446,-0.00926447914293989,-0.009104286059785078,-0.008935430523979845,-0.008761569079325363,-0.008585714538548058,-0.00841025256485685,-0.008237003200266328,-0.008067303086201318,-0.007902091914717652,-0.007741993436781511,-0.007587386324592272,-0.007438463391185721,-0.007295279504827468,-0.00715778943516884,-0.007025877192590338,-0.006899378426775627,-0.006778097299189174,-0.006661819033640909,-0.006550319132071587,-0.006443370044473091,-0.006340745912293715,-0.006242225865319973
-0.005760027133348136,-0.005853498175791445,-0.005951086264705296,-0.006053042596723573,-0.0061596304282447965,-0.006271123183182722,-0.006387801338936429,-0.006509947612739996,-0.006637839805343914,-0.006771740444217912,-0.006911882095342957,-0.007058446876666847,-0.007211538314354303,-0.007371143266690138,-0.007537081279230116,-0.007708938592601145,-0.007885984403609764,-0.00806706838639912,-0.008250501669536755,-0.008433929399674786,-0.00861421258105775,-0.008787350089417159,-0.00894848637439721,-0.009092060092221995,-0.009212142726633628,-0.009302981747428656,-0.00935969604009876,-0.00937898971105097,-0.00935969604009876,-0.009302981747428656,-0.00921214272663363,-0.009092060092221996,-0.008948486374397211,-0.00878735008941716,-0.00861421258105775,-0.008433929399674788,-0.008250501669536756,-0.008067068386399121,-0.007885984403609766,-0.007708938592601145,-0.007537081279230113,-0.007371143266690135,-0.007211538314354303,-0.007058446876666847,-0.006911882095342957,-0.006771740444217913,-0.006637839805343914,-0.006509947612739994,-0.006387801338936432,-0.006271123183182724,-0.006159630428244795,-0.006053042596723575,-0.0059510862647052945,-0.005853498175791446,-0.005760027133348138
-0.005268869762222595,-0.0053566280819299485,-0.005448454559857101,-0.005544624829192004,-0.005645433404333032,-0.005751193359183895,-0.0058622351091084214,-0.005978903863249525,-0.006101555137196444,-0.006230547473018223,-0.006366231183663637,-0.006508931498436319,-0.006658923914638847,-0.0068163988498071305,-0.0069814118684354606,-0.007153814938654299,-0.0073331636340934325,-0.007518595505185605,-0.007708677046158368,-0.007901222459852896,-0.008093099036772583,-0.008280053522928548,-0.008456621112096895,-0.008616206904808396,-0.008751440783885739,-0.008854871906286919,-0.008919964918231995,-0.008942202189617499,-0.008919964918231995,-0.008854871906286919,-0.008751440783885739,-0.008616206904808396,-0.008456621112096895,-0.008280053522928548,-0.008093099036772584,-0.007901222459852896,-0.0077086770461583685,-0.007518595505185602,-0.007333163634093432,-0.0071538149386543015,-0.00698141186843546,-0.006816398849807132,-0.006658923914638849,-0.00650893149843632,-0.006366231183663639,-0.006230547473018223,-0.006101555137196446,-0.005978903863249524,-0.0058622351091084214,-0.0057511933591838935,-0.005645433404333032,-0.005544624829192003,-0.005448454559857101,-0.005356628081929946,-0.005268869762222593
-0.004769138151604322,-0.004850516895860165,-0.004935847541221446,-0.005025422599907376,-0.00511955960021722,-0.005218602397367414,-0.005322921996238222,-0.0054329165420422265,-0.00554900996645476,-0.005671648532323718,-0.005801294167830714,-0.005938412978161636,-0.0060834566151385895,-0.006236833211019123,-0.006398863287318547,-0.006569714425703337,-0.006749306665250554,-0.006937179016827043,-0.007132307257288333,-0.007332866538337716,-0.00753594330281138,-0.00773722530617627,-0.007930741661241832,-0.008108784988405646,-0.008262202428747817,-0.008381235363774294,-0.008456944109632788,-0.008482954202399067,-0.00845694410963279,-0.008381235363774296,-0.008262202428747817,-0.008108784988405645,-0.007930741661241832,-0.0077372253061762705,-0.00753594330281138,-0.007332866538337717,-0.007132307257288333,-0.006937179016827045,-0.006749306665250555,-0.006569714425703338,-0.006398863287318547,-0.006236833211019123,-0.00608345661513859,-0.005938412978161636,-0.005801294167830713,-0.005671648532323718,-0.0055490099664547606,-0.005432916542042223,-0.005322921996238222,-0.005218602397367417,-0.00511955960021722,-0.005025422599907378,-0.004935847541221447,-0.004850516895860165,-0.00476913815160432
-0.004261312350494974,-0.004335653417082535,-0.004413758774228198,-0.004495928729493695,-0.004582493591485584,-0.004673816542530625,-0.00477029648022938,-0.004872370612782477,-0.004980516455108583,-0.005095252660160303,-0.00521713779381667,-0.0053467656647468885,-0.0054847550687616145,-0.005631730682047149,-0.005788290182361563,-0.005954950307867872,-0.006132061325819981,-0.006319675320552379,-0.006517349466421681,-0.0067238631285345,-0.006936832335067011,-0.007152227079042272,-0.007363852139424838,-0.007562956256338078,-0.007738277484463079,-0.007876929716089786,-0.0079663988982621,-0.007997377320096881,-0.0079663988982621,-0.007876929716089786,-0.007738277484463077,-0.007562956256338079,-0.007363852139424838,-0.0071522270790422724,-0.00693683233506701,-0.0067238631285345,-0.006517349466421681,-0.006319675320552379,-0.00613206132581998,-0.005954950307867872,-0.005788290182361563,-0.00563173068204715,-0.0054847550687616145,-0.005346765664746891,-0.00521713779381667,-0.005095252660160305,-0.004980516455108584,-0.004872370612782475,-0.0047702964802293826,-0.004673816542530625,-0.0045824935914855845,-0.004495928729493693,-0.0044137587742281974,-0.004335653417082535,-0.004261312350494972
-0.0037459702456321287,-0.0038126374892564923,-0.003882808057039525,-0.003956779723598668,-0.004034883651759697,-0.004117488606065858,-0.004205005592063989,-0.004297892860682537,-0.004396661130057991,-0.004501878729571209,-0.0046141761244539534,-0.004734248872502192,-0.004862857398254865,-0.005000820887268647,-0.005149000858840564,-0.0053082672011906,-0.005479435130948305,-0.005663155041575844,-0.005859728057728355,-0.00606880885579544,-0.006288947773480984,-0.006516928474253274,-0.006746903923961032,-0.006969472704749449,-0.007171119314532411,-0.007334807535602702,-0.007442601309368464,-0.007480345981303271,-0.007442601309368464,-0.007334807535602704,-0.0071711193145324115,-0.00696947270474945,-0.006746903923961034,-0.0065169284742532755,-0.006288947773480982,-0.006068808855795438,-0.0058597280577283575,-0.005663155041575842,-0.005479435130948305,-0.005308267201190601,-0.005149000858840562,-0.005000820887268644,-0.004862857398254868,-0.00473424887250219,-0.004614176124453956,-0.004501878729571207,-0.004396661130057988,-0.004297892860682537,-0.004205005592063992,-0.004117488606065861,-0.004034883651759694,-0.003956779723598668,-0.003882808057039525,-0.0038126374892564897,-0.0037459702456321266
-0.003223787348454896,-0.0032821807180423716,-0.0033437434649021126,-0.00340875968277087,-0.003477548261244195,-0.0035504680686745216,-0.003627923959443694,-0.0037103737027186895,-0.0037983359064836077,-0.0038923989522475937,-0.003993230833293251,-0.004101589551494905,-0.0042183332847075825,-0.004344428730844389,-0.004480954590551832,-0.004629094590681656,-0.004790109963833853,-0.0049652735543511605,-0.005155734698353887,-0.005362263176179605,-0.00558479034439156,-0.005821631478816729,-0.006068264656897109,-0.006315646609747549,-0.006548448194286607,-0.006744469034807582,-0.0068774561933011595,-0.0069248182647633424,-0.0068774561933011595,-0.006744469034807582,-0.006548448194286608,-0.006315646609747547,-0.00606826465689711,-0.00582163147881673,-0.00558479034439156,-0.0053622631761796056,-0.005155734698353887,-0.00496527355435116,-0.004790109963833853,-0.004629094590681656,-0.004480954590551833,-0.004344428730844389,-0.004218333284707585,-0.004101589551494905,-0.00399323083329325,-0.003892398952247595,-0.00379833590648361,-0.0037103737027186874,-0.003627923959443696,-0.0035504680686745233,-0.0034775482612441964,-0.0034087596827708693,-0.0033437434649021135,-0.003282180718042373,-0.0032237873484548952
-0.0026955338533499436,-0.002745103944739512,-0.0027974395371530326,-0.0028527996306942183,-0.0029114771873719586,-0.002973804783378535,-0.003040161367310882,-0.003110980355584642,-0.0031867593368598685,-0.003268071694369696,-0.003355580475556094,-0.0034500548150071864,-0.00355238909392864,-0.0036636246868543766,-0.0037849733858513397,-0.003917839974654574,-0.004063838107148737,-0.004224786982662081,-0.004402663149772917,-0.004599456280130241,-0.004816830080890468,-0.005055406657740133,-0.005313372041850014,-0.005584010104449846,-0.005852024081872225,-0.006089902660376417,-0.006258830797649983,-0.006320651865116445,-0.006258830797649983,-0.006089902660376417,-0.005852024081872223,-0.0055840101044498484,-0.005313372041850014,-0.005055406657740135,-0.004816830080890468,-0.00459945628013024,-0.0044026631497729165,-0.004224786982662082,-0.004063838107148738,-0.003917839974654576,-0.0037849733858513397,-0.003663624686854379,-0.003552389093928643,-0.003450054815007186,-0.0033555804755560914,-0.0032680716943696976,-0.0031867593368598663,-0.003110980355584642,-0.003040161367310883,-0.0029738047833785357,-0.0029114771873719565,-0.0028527996306942196,-0.0027974395371530313,-0.00274510394473951,-0.002695533853349942
-0.0021620687496738712,-0.0022023311534447544,-0.0022448911351812813,-0.002289971576052557,-0.0023378261490934705,-0.0023887448573300107,-0.0024430607945498846,-0.0025011584442126643,-0.002563483921964457,-0.002630557682817075,-0.002702990360232455,-0.002781502583533178,-0.0028669498262046565,-0.002960353542305656,-0.003062939968073193,-0.0031761877882152834,-0.0033018848774875264,-0.0034421913155476425,-0.0035996980038044803,-0.003777450907393431,-0.003978865119957802,-0.004207347323409985,-0.004465214017053182,-0.004751047520297269,-0.005054068867066937,-0.005344720709434671,-0.005566984803727835,-0.005652271401834841,-0.005566984803727835,-0.005344720709434672,-0.0050540688670669374,-0.00475104752029727,-0.004465214017053182,-0.004207347323409985,-0.003978865119957802,-0.003777450907393431,-0.003599698003804481,-0.0034421913155476443,-0.003301884877487526,-0.003176187788215285,-0.0030629399680731934,-0.002960353542305656,-0.002866949826204658,-0.0027815025835331766,-0.002702990360232456,-0.0026305576828170737,-0.0025634839219644567,-0.0025011584442126626,-0.0024430607945498855,-0.002388744857330009,-0.0023378261490934723,-0.0022899715760525594,-0.0022448911351812817,-0.002202331153444754,-0.0021620687496738734
-0.0016243309153202252,-0.0016548796701702651,-0.0016872027237544844,-0.0017214768995380567,-0.001757904413284469,-0.0017967176946338296,-0.001838185357625138,-0.0018826196513762573,-0.001930385834286377,-0.0019819140706368696,-0.002037714665824608,-0.0020983977623425954,-0.0021646990510911348,-0.002237513664462372,-0.0023179412774469565,-0.002407346625418613,-0.0025074411871765516,-0.0026203935162051766,-0.0027489767730279713,-0.002896759339215791,-0.0030683280355537075,-0.0032694723806543156,-0.0035070572618498773,-0.0037876898600586813,-0.004112539852444044,-0.00446207667447162,-0.0047656829929679815,-0.004893434785505984,-0.0047656829929679815,-0.004462076674471623,-0.004112539852444045,-0.0037876898600586813,-0.003507057261849879,-0.003269472380654318,-0.0030683280355537075,-0.002896759339215792,-0.0027489767730279726,-0.0026203935162051758,-0.0025074411871765507,-0.002407346625418613,-0.002317941277446957,-0.00223751366446237,-0.0021646990510911348,-0.002098397762342598,-0.002037714665824611,-0.001981914070636872,-0.0019303858342863765,-0.0018826196513762573,-0.0018381853576251376,-0.0017967176946338302,-0.0017579044132844685,-0.0017214768995380538,-0.0016872027237544813,-0.0016548796701702628,-0.0016243309153202278
-0.001083327291776377,-0.0011038467335753495,-0.0011255731131867527,-0.0011486290255982715,-0.0011731551472736314,-0.001199313795723133,-0.0012272933789967448,-0.0012573140085148271,-0.0012896346494901114,-0.0013245623278874995,-0.0013624641235799942,-0.001403782991103066,-0.0014490589184796546,-0.0014989576531421198,-0.001554310345654961,-0.0016161692473310528,-0.0016858874953475731,-0.001765235806081276,-0.0018565769103303167,-0.001963131984423931,-0.0020893950836683743,-0.0022417821792249607,-0.002429618607752119,-0.0026664159279467707,-0.002970178309576631,-0.0033546265187092,-0.0037749042813080003,-0.003992898195546686,-0.0037749042813080003,-0.0033546265187092035,-0.0029701783095766325,-0.002666415927946773,-0.0024296186077521196,-0.002241782179224962,-0.002089395083668375,-0.0019631319844239325,-0.0018565769103303178,-0.0017652358060812757,-0.0016858874953475727,-0.0016161692473310538,-0.001554310345654961,-0.001498957653142122,-0.0014490589184796567,-0.0014037829911030667,-0.001362464123579995,-0.001324562327887501,-0.0012896346494901112,-0.0012573140085148293,-0.0012272933789967458,-0.0011993137957231332,-0.0011731551472736336,-0.001148629025598274,-0.0011255731131867511,-0.0011038467335753512,-0.0010833272917763748
-0.0005401184261175907,-0.0005503927608430459,-0.0005612760225373153,-0.0005728307683003074,-0.0005851289274026595,-0.0005982536849260281,-0.0006123018490628664,-0.0006273868557902732,-0.0006436426237944505,-0.0006612285588321509,-0.0006803361348568051,-0.0007011976731759234,-0.0007240982407103648,-0.0007493920628709323,-0.0007775256172152854,-0.0008090708628580277,-0.0008447742878769277,-0.0008856314517580337,-0.0009330041749580978,-0.000988812211192435,-0.0010558617420401656,-0.0011384406219794826,-0.0012434714050334678,-0.0013829279326733267,-0.00157934792126563,-0.001878866175074426,-0.002365178306655115,-0.0028179368339265537,-0.002365178306655115,-0.0018788661750744283,-0.001579347921265631,-0.0013829279326733267,-0.0012434714050334676,-0.0011384406219794837,-0.0010558617420401652,-0.000988812211192435,-0.0009330041749580991,-0.0008856314517580352,-0.0008447742878769258,-0.0008090708628580275,-0.0007775256172152841,-0.0007493920628709336,-0.0007240982407103627,-0.0007011976731759259,-0.0006803361348568054,-0.0006612285588321516,-0.0006436426237944495,-0.0006273868557902744,-0.0006123018490628661,-0.0005982536849260272,-0.0005851289274026587,-0.0005728307683003044,-0.0005612760225373128,-0.0005503927608430486,-0.0005401184261175903
4.198153167968341e-06,4.2781251692792675e-06,4.3628487361184175e-06,4.4528138361693885e-06,4.548584219515888e-06,4.650812347218497e-06,4.760258185813195e-06,4.8778131094692174e-06,5.004530635732397e-06,5.141666430679417e-06,5.290731079408149e-06,5.45356073311422e-06,5.632413260756432e-06,5.830101553836452e-06,6.050182236645654e-06,6.297229230100304e-06,6.57724129124286e-06,6.898268684771191e-06,7.271413398255664e-06,7.712498207970623e-06,8.245006810783255e-06,8.905624223572279e-06,9.755620778723902e-06,1.090711196256783e-05,1.2594438951121526e-05,1.5424942655537616e-05,2.1813919819369563e-05,0.00024839484696750246,2.1813919819370166e-05,1.5424942655536935e-05,1.2594438951122398e-05,1.090711196256835e-05,9.755620778723674e-06,8.905624223571716e-06,8.245006810781722e-06,7.712498207970963e-06,7.271413398255608e-06,6.898268684769722e-06,6.577241291241557e-06,6.297229230100684e-06,6.050182236645716e-06,5.830101553834137e-06,5.6324132607557566e-06,5.4535607331127345e-06,5.290731079409525e-06,5.141666430679795e-06,5.004530635733257e-06,4.877813109469644e-06,4.7602581858137744e-06,4.650812347218743e-06,4.5485842195144645e-06,4.452813836166788e-06,4.362848736116103e-06,4.278125169277405e-06,4.198153167967069e-06
0.0005485061012895176,0.0005589395270669952,0.0005699912601565085,0.0005817248139079068,0.000594213215576505,0.0006075409180466447,0.0006218062022935798,0.0006371242264959813,0.0006536309376935579,0.0006714881493780557,0.0006908902182797149,0.0007120729501306877,0.0007353256679020857,0.0007610078565007763,0.0007895725780936118,0.0008216001564036179,0.0008578478809119187,0.0008993255193177733,0.0009474139746504816,0.0010040592328153864,0.0010721044617185821,0.0011558910200885454,0.0012624203845410051,0.001403781535267399,0.0016026542577489732,0.001905122427592559,0.0023926887888408637,0.0028397478761326726,0.0023926887888408637,0.0019051224275925614,0.0016026542577489732,0.0014037815352673988,0.0012624203845410051,0.0011558910200885448,0.0010721044617185815,0.0010040592328153855,0.0009474139746504816,0.0008993255193177746,0.0008578478809119172,0.0008216001564036186,0.0007895725780936124,0.0007610078565007746,0.0007353256679020873,0.0007120729501306898,0.0006908902182797161,0.0006714881493780574,0.0006536309376935589,0.0006371242264959824,0.0006218062022935825,0.0006075409180466432,0.0005942132155765078,0.0005817248139079038,0.0005699912601565116,0.0005589395270669939,0.0005485061012895179
0.001091689220693681,0.0011123652218491915,0.001134257179171965,0.0011574885746881772,0.0011822010967885177,0.0012085582228266475,0.0012367496968899373,0.001266997177570099,0.0012995614318252518,0.0013347515962755894,0.0013729372387071591,0.00141456426520795,0.001460176188502473,0.0015104429927043736,0.0015662009520449665,0.0016285085454392804,0.0016987264999595141,0.0017786347627527829,0.0018706071546746269,0.0019778777153936947,0.002104954046773546,0.002258262258191394,0.002447121506809284,0.002684981909037017,0.0029896175560396193,0.003374079285848394,0.0037924064111795664,0.004008320845441392,0.0037924064111795664,0.003374079285848395,0.0029896175560396214,0.0026849819090370166,0.002447121506809285,0.002258262258191394,0.0021049540467735473,0.0019778777153936934,0.0018706071546746262,0.0017786347627527844,0.0016987264999595152,0.00162850854543928,0.0015662009520449652,0.0015104429927043734,0.0014601761885024724,0.0014145642652079508,0.0013729372387071585,0.0013347515962755904,0.0012995614318252544,0.0012669971775701003,0.0012367496968899352,0.0012085582228266464,0.0011822010967885203,0.0011574885746881746,0.001134257179171968,0.0011123652218491932,0.001091689220693681
0.0016326504183193425,0.0016633516018196425,0.0016958355197693106,0.0017302797732431654,0.0017668874544678362,0.0018058919838355814,0.0018475630984612246,0.0018922143238193489,0.0019402123720574434,0.0019919890658478567,0.0020480566034607713,0.002109027285514138,0.0021756392541219297,0.0022487904026945705,0.0023295834659613625,0.0024193864654218212,0.0025199141918384087,0.0026333380727509366,0.002762432702729154,0.0029107643493243916,0.0030829097798906026,0.0032846314417772434,0.0035227318363108273,0.0038036868161912345,0.004128422957999494,0.0044770966903330016,0.004779174212185624,0.0049060273134176515,0.004779174212185624,0.004477096690333004,0.004128422957999495,0.0038036868161912363,0.0035227318363108295,0.0032846314417772442,0.003082909779890603,0.002910764349324393,0.0027624327027291544,0.0026333380727509366,0.0025199141918384096,0.00241938646542182,0.0023295834659613616,0.002248790402694569,0.0021756392541219284,0.002109027285514141,0.0020480566034607704,0.001991989065847858,0.0019402123720574421,0.0018922143238193467,0.0018475630984612261,0.0018058919838355835,0.001766887454467837,0.0017302797732431684,0.0016958355197693078,0.0016633516018196412,0.0016326504183193438
0.0021703298523459437,0.002210739082341592,0.0022534535518034197,0.002298696777998189,0.0023467231364110485,0.0023978234052493604,0.0024523315322079655,0.0025106329381782803,0.0025731747619726574,0.002640478564764951,0.002713156157519928,0.0027919293911617556,0.002877654950801266,0.0029713553921744936,0.003074257764835679,0.003187840965644429,0.0033138919363931594,0.0034545677361111473,0.003612452529676947,0.0037905790397389904,0.003992337939210949,0.004221092943844063,0.004479089196490538,0.00476480268947003,0.005067333830901196,0.005357096556562229,0.00557835779624362,0.00566317684696496,0.00557835779624362,0.00535709655656223,0.005067333830901199,0.00476480268947003,0.004479089196490539,0.004221092943844063,0.003992337939210947,0.0037905790397389904,0.00361245252967695,0.0034545677361111486,0.003313891936393161,0.003187840965644431,0.0030742577648356795,0.002971355392174492,0.002877654950801267,0.0027919293911617547,0.002713156157519926,0.0026404785647649513,0.0025731747619726596,0.0025106329381782803,0.0024523315322079633,0.0023978234052493604,0.002346723136411048,0.002298696777998187,0.0022534535518034223,0.0022107390823415903,0.0021703298523459437
0.002703721527348933,0.0027534315378859287,0.0028059137822672568,0.0028614277331201142,0.0029202668555717575,0.002982764256578937,0.0030492994370100402,0.003120306375978884,0.0031962832165850076,0.0032778038578826474,0.0033655317762376897,0.0034602363724380463,0.003562812012880037,0.0036742995923918914,0.0037959096730494114,0.0039290446161239405,0.004075313777987511,0.00423652914132965,0.004414655554226993,0.004611664259810025,0.004829190891827724,0.005067816934181219,0.005325675037631056,0.005595992637936471,0.0058634468061177615,0.006100597421385004,0.006268861087187846,0.00633040599013997,0.006268861087187846,0.006100597421385006,0.005863446806117762,0.005595992637936472,0.005325675037631056,0.005067816934181218,0.0048291908918277225,0.004611664259810026,0.004414655554226992,0.004236529141329649,0.004075313777987513,0.0039290446161239405,0.0037959096730494136,0.003674299592391891,0.0035628120128800406,0.0034602363724380446,0.00336553177623769,0.003277803857882647,0.0031962832165850076,0.003120306375978884,0.003049299437010041,0.00298276425657894,0.0029202668555717605,0.0028614277331201156,0.0028059137822672585,0.002753431537885927,0.0027037215273489302
0.003231887714800912,0.003290412988889162,0.0033521133320531487,0.003417273135741067,0.003486211582088426,0.003559287815379118,0.0036369069324796864,0.0037195268870299954,0.0038076663778378855,0.0039019137320532755,0.004002936669023417,0.004111492589823175,0.004228438590076625,0.004354739581821701,0.004491471458189416,0.0046398136660398305,0.004801021057707417,0.004976357151988577,0.005166957950053802,0.005373574730405174,0.005596114386734692,0.0058328625252414305,0.006079267145494374,0.006326267355563946,0.006558553026980698,0.006754008758462227,0.006886538573774764,0.0069337225211281725,0.006886538573774764,0.006754008758462228,0.006558553026980699,0.006326267355563946,0.006079267145494374,0.005832862525241431,0.00559611438673469,0.005373574730405174,0.005166957950053803,0.004976357151988579,0.004801021057707418,0.004639813666039828,0.0044914714581894164,0.0043547395818217,0.004228438590076624,0.004111492589823173,0.0040029366690234195,0.0039019137320532755,0.0038076663778378868,0.003719526887029998,0.003636906932479688,0.0035592878153791153,0.0034862115820884242,0.003417273135741068,0.0033521133320531505,0.003290412988889162,0.0032318877148009156
0.0037539707346964366,0.003820760976888511,0.0038910591256702963,0.0039651630778851,0.004043404080525263,0.004126150926014338,0.004213814566507594,0.004306853084053571,0.0044057768655924485,0.004511153682950475,0.0046236131299806,0.004743849460138444,0.004872621199204302,0.005010744822722385,0.005159078042058948,0.005318485470779649,0.005489775132119228,0.00567358780293686,0.005870212116207093,0.006079287240901332,0.0062993457015750685,0.006527153569999159,0.006756852173014812,0.006979044495776244,0.007180248732670885,0.007343500961961707,0.0074509674879302155,0.007488589720367914,0.0074509674879302155,0.0073435009619617075,0.007180248732670884,0.006979044495776244,0.006756852173014812,0.006527153569999159,0.00629934570157507,0.006079287240901332,0.005870212116207096,0.00567358780293686,0.005489775132119229,0.005318485470779649,0.00515907804205895,0.0050107448227223825,0.0048726211992043,0.004743849460138446,0.004623613129980601,0.004511153682950477,0.0044057768655924485,0.004306853084053571,0.004213814566507594,0.00412615092601434,0.004043404080525265,0.0039651630778851,0.0038910591256702963,0.0038207609768885083,0.0037539707346964336
0.004269201815730842,0.004343656308221623,0.004421878538834482,0.004504168770601043,0.004590857201763633,0.004682306815647654,0.004778916192225018,0.004881122064034421,0.004989401260610629,0.005104271472208558,0.005226289936767834,0.005356048656367934,0.005494163997312076,0.005641257403895466,0.005797922304485039,0.005964669928835686,0.006141843538871673,0.006329486552761423,0.006527145870244055,0.006733589499390129,0.006946422439639262,0.007161606820836659,0.007372947442435641,0.007571707296887691,0.007746658874037316,0.007884971632395208,0.007974198501687256,0.00800508863161427,0.007974198501687256,0.00788497163239521,0.007746658874037317,0.007571707296887691,0.007372947442435641,0.007161606820836659,0.0069464224396392615,0.006733589499390128,0.0065271458702440555,0.006329486552761424,0.006141843538871673,0.005964669928835689,0.005797922304485038,0.005641257403895464,0.005494163997312078,0.005356048656367938,0.005226289936767833,0.005104271472208557,0.004989401260610628,0.004881122064034421,0.004778916192225018,0.004682306815647656,0.004590857201763635,0.0045041687706010415,0.004421878538834482,0.004343656308221622,0.004269201815730841
0.004776906936884757,0.004858389090274192,0.004943825471209487,0.005033508396950535,0.005127755113770135,0.005226909082782755,0.005331340770909732,0.005441447601291216,0.005557652548687654,0.005680400620771161,0.005810152113963598,0.005947371030170461,0.006092506334675187,0.006245962764646566,0.006408056609202756,0.006578950270761042,0.006758557616323826,0.006946410588446055,0.007141477367505078,0.007341925809099341,0.007544836882986178,0.0077458971074232195,0.00793914184805548,0.008116880912047025,0.008269991579142983,0.00838875646219797,0.008464280486627274,0.008490224496442954,0.008464280486627274,0.00838875646219797,0.008269991579142983,0.008116880912047025,0.007939141848055479,0.007745897107423223,0.007544836882986179,0.007341925809099341,0.007141477367505078,0.006946410588446055,0.006758557616323824,0.006578950270761045,0.006408056609202758,0.00624596276464657,0.006092506334675189,0.0059473710301704615,0.0058101521139636006,0.00568040062077116,0.005557652548687655,0.005441447601291214,0.005331340770909735,0.005226909082782757,0.005127755113770133,0.0050335083969505375,0.004943825471209489,0.004858389090274195,0.004776906936884759
0.005276509725119081,0.00536436120496717,0.0054562820958545455,0.0055525477073489135,0.0056534521290773155,0.0057593078840244725,0.005870444679777534,0.005987206823392305,0.006109948688874728,0.0062390273835597485,0.006374791430308229,0.006517563843515361,0.006667617407870079,0.006825139262627349,0.006990181081106428,0.007162590328435591,0.0073419175575697646,0.007527295035475702,0.007717284218523165,0.00790969538836724,0.008101394356222019,0.008288130605984134,0.008464448280190533,0.008623769240166652,0.008758748117056507,0.008861964390042075,0.008926913077153887,0.008949099396028632,0.008926913077153887,0.008861964390042077,0.008758748117056505,0.008623769240166652,0.008464448280190532,0.008288130605984132,0.008101394356222017,0.00790969538836724,0.007717284218523165,0.007527295035475703,0.007341917557569766,0.007162590328435591,0.006990181081106427,0.006825139262627347,0.006667617407870082,0.006517563843515364,0.0063747914303082295,0.006239027383559752,0.006109948688874728,0.005987206823392305,0.005870444679777535,0.005759307884024472,0.0056534521290773155,0.005552547707348912,0.0054562820958545455,0.00536436120496717,0.0052765097251190815
0.005767531628661957,0.005861085544164657,0.00595875675997742,0.006060796045439033,0.006167466121447229,0.006279039745065662,0.0063957965680946985,0.0065180182914255595,0.006645981472094748,0.006779947125788202,0.00692014599548335,0.0070667580227111735,0.0072198841688529665,0.007379508322041515,0.007545446670451179,0.007717281789437737,0.007894279080205095,0.008075284614920129,0.008258606638642975,0.008441888904325557,0.008621993534759046,0.008794924220559785,0.008955835019665891,0.009099179551892015,0.009219049056725728,0.009309713366325025,0.009366312518993941,0.009385565939249482,0.009366312518993941,0.009309713366325025,0.009219049056725728,0.009099179551892015,0.008955835019665893,0.008794924220559783,0.008621993534759044,0.008441888904325555,0.008258606638642974,0.00807528461492013,0.007894279080205095,0.007717281789437737,0.007545446670451179,0.007379508322041517,0.007219884168852969,0.007066758022711172,0.006920145995483352,0.0067799471257882025,0.00664598147209475,0.006518018291425558,0.0063957965680947,0.006279039745065661,0.006167466121447229,0.006060796045439034,0.005958756759977419,0.005861085544164654,0.00576753162866196
0.006249589694568727,0.006348182460822316,0.006450878661845131,0.006557898663023484,0.006669467709168697,0.00678581260768848,0.00690715696259112,0.00703371447959442,0.007165679723730216,0.007303215542047144,0.007446436167007258,0.007595384800949024,0.007750004274144172,0.00791009922125553,0.008075288230334206,0.0082449447484303,0.008418126432558707,0.008593494471544297,0.008769227605812793,0.008942940523732214,0.009111623059215392,0.009271624336890757,0.009418712342758595,0.009548239978705577,0.009655437776505103,0.009735826805804497,0.009785704913908157,0.009802617813625092,0.009785704913908157,0.009735826805804499,0.009655437776505101,0.009548239978705577,0.009418712342758593,0.009271624336890757,0.009111623059215392,0.008942940523732214,0.008769227605812795,0.008593494471544297,0.008418126432558707,0.008244944748430301,0.008075288230334205,0.00791009922125553,0.007750004274144173,0.0075953848009490225,0.007446436167007258,0.007303215542047148,0.007165679723730218,0.007033714479594416,0.006907156962591121,0.006785812607688477,0.006669467709168695,0.006557898663023487,0.006450878661845131,0.006348182460822318,0.006249589694568729
0.006722392349569178,0.006825373965401747,0.0069323900055329605,0.007043626252209767,0.007159266429773919,0.007279487723450733,0.0074044547296574425,0.007534311391247372,0.007669170366116355,0.0078090991610593515,0.007954102243640147,0.008104098241681292,0.008258891286822771,0.008418135612986941,0.008581292773352074,0.008747581423887882,0.00891592071619904,0.00908487015540178,0.00925257149277358,0.009416701874165958,0.009574451733710127,0.009722544851750892,0.00985731975853407,0.009974888644431273,0.010071379515426408,0.010143248607304643,0.010187626026324897,0.010202636129942107,0.010187626026324897,0.01014324860730464,0.010071379515426407,0.009974888644431273,0.00985731975853407,0.009722544851750892,0.009574451733710127,0.009416701874165956,0.00925257149277358,0.00908487015540178,0.008915920716199042,0.008747581423887882,0.008581292773352074,0.008418135612986943,0.008258891286822773,0.008104098241681292,0.007954102243640149,0.007809099161059354,0.0076691703661163554,0.007534311391247372,0.007404454729657445,0.007279487723450732,0.007159266429773921,0.007043626252209767,0.006932390005532962,0.0068253739654017456,0.006722392349569177
0.007185733615991887,0.007292476223082638,0.007403136346564397,0.007517862606985019,0.007636795067724312,0.007760059863259344,0.007887762235075459,0.008019977586321017,0.008156740097238083,0.008298028377819285,0.00844374758496451,0.008593707420464045,0.008747595488026887,0.008904945674043225,0.009065101600252092,0.00922717587011451,0.009390006899555126,0.009552116678074665,0.009711674872002259,0.009866477124831784,0.010013947818905331,0.010151179133025911,0.010275017743988528,0.010382206567907296,0.010469580515542327,0.010534302674214888,0.010574113150375876,0.010587551747217105,0.010574113150375876,0.010534302674214886,0.010469580515542325,0.010382206567907297,0.01027501774398853,0.010151179133025911,0.010013947818905331,0.009866477124831784,0.009711674872002259,0.009552116678074665,0.00939000689955513,0.009227175870114514,0.009065101600252095,0.008904945674043225,0.008747595488026887,0.008593707420464048,0.00844374758496451,0.008298028377819283,0.008156740097238083,0.00801997758632102,0.00788776223507546,0.007760059863259342,0.007636795067724315,0.007517862606985021,0.007403136346564401,0.007292476223082638,0.007185733615991886
0.00763948619453233,0.007749390891747327,0.007863055800819212,0.007980591246468115,0.00810209315669943,0.008227637082573193,0.008357270681467806,0.008491004346685024,0.008628799630673893,0.008770555087743579,0.008916089168925848,0.009065119857773179,0.009217240871542421,0.009371894508052626,0.009528341644990146,0.009685630050979563,0.009842563093990146,0.009997672147576842,0.01014919744073734,0.010295083586052457,0.010432997181268085,0.010560374128254583,0.010674502915245186,0.010772646383712836,0.010852198203259339,0.010910862050042585,0.010946833147696487,0.010958956154670938,0.010946833147696488,0.010910862050042585,0.010852198203259339,0.010772646383712836,0.010674502915245182,0.010560374128254583,0.010432997181268082,0.010295083586052457,0.01014919744073734,0.009997672147576842,0.009842563093990148,0.009685630050979563,0.009528341644990146,0.009371894508052626,0.009217240871542427,0.009065119857773182,0.008916089168925848,0.00877055508774358,0.008628799630673896,0.008491004346685021,0.008357270681467806,0.008227637082573196,0.00810209315669943,0.007980591246468119,0.007863055800819212,0.007749390891747329,0.007639486194532327
0.008083593819666706,0.008196095794044747,0.008312167712049727,0.00843188171127218,0.008555290495257781,0.008682421012716048,0.008813266716546506,0.00894777816209947,0.009085851696777277,0.0092273160062532,0.009371916329357674,0.009519296252105326,0.009668977164881225,0.00982033574377012,0.009972580227752497,0.010124726833888088,0.010275578391896691,0.010423708160965517,0.010567452726169381,0.010704918679953785,0.010834008187056128,0.010952468124675778,0.011057965876122204,0.011148191756327823,0.011220983526982843,0.01127446313437224,0.011307170901582904,0.011318179535596704,0.011307170901582904,0.011274463134372237,0.011220983526982843,0.011148191756327823,0.011057965876122202,0.010952468124675778,0.010834008187056128,0.010704918679953783,0.01056745272616938,0.010423708160965516,0.010275578391896696,0.010124726833888084,0.0099725802277525,0.00982033574377012,0.009668977164881224,0.009519296252105326,0.009371916329357674,0.009227316006253199,0.009085851696777277,0.008947778162099473,0.008813266716546508,0.008682421012716044,0.008555290495257785,0.00843188171127218,0.008312167712049729,0.008196095794044745,0.008083593819666708
0.00851806324926921,0.008632635349985419,0.008750561275304172,0.008871876104006365,0.0089965913176744,0.009124688377872885,0.00925611104024779,0.009390756239152528,0.009528463390830858,0.009669002000688497,0.009812057531792474,0.0099572156113705,0.010103944836102014,0.010251578702596518,0.01039929755120626,0.010546111874935642,0.01069084889792356,0.010832144925526832,0.010968446520104886,0.011098023915563053,0.01121900004551232,0.011329397889380083,0.011427207332676381,0.0115104703147742,0.011577379866387487,0.011626385212097624,0.011656292230526763,0.011666347157529644,0.011656292230526763,0.011626385212097625,0.011577379866387487,0.0115104703147742,0.011427207332676381,0.011329397889380083,0.01121900004551232,0.011098023915563053,0.010968446520104884,0.010832144925526832,0.01069084889792356,0.010546111874935642,0.01039929755120626,0.010251578702596518,0.010103944836102014,0.009957215611370503,0.00981205753179247,0.009669002000688497,0.009528463390830858,0.00939075623915253,0.009256111040247794,0.009124688377872886,0.0089965913176744,0.008871876104006365,0.008750561275304172,0.008632635349985415,0.008518063249269209
0.00894295619488317,0.009059111119473492,0.009178384507761489,0.009300776302133617,0.009426259572319197,0.009554774190846476,0.009686219425297612,0.009820445347865104,0.009957242992226344,0.010096333240151443,0.010237354504002798,0.01037984939609491,0.010523250751804415,0.010666867608807194,0.010809872043449768,0.01095128812074215,0.011089984603921885,0.011224673445873645,0.011353916369927537,0.011476141931106172,0.011589675196066997,0.011692781456803412,0.011783724110492078,0.011860835010542182,0.011922593398011454,0.011967707321522742,0.011995189760141179,0.012004421018941313,0.011995189760141179,0.011967707321522742,0.011922593398011454,0.011860835010542182,0.011783724110492078,0.011692781456803409,0.011589675196066997,0.01147614193110617,0.011353916369927539,0.011224673445873643,0.011089984603921884,0.01095128812074215,0.010809872043449768,0.01066686760880719,0.010523250751804419,0.010379849396094914,0.010237354504002798,0.010096333240151445,0.009957242992226343,0.009820445347865104,0.009686219425297616,0.009554774190846476,0.009426259572319197,0.00930077630213362,0.00917838450776149,0.009059111119473495,0.00894295619488317
0.009358381439581545,0.009475672725172767,0.009595833855161747,0.009718832138458932,0.009844605592015703,0.009973056873203648,0.010104046316596109,0.010237384032441028,0.010372821062738392,0.01051003965030985,0.010648642762495655,0.010788143130163765,0.01092795221961605,0.011067369751997245,0.01120557461876433,0.011341618300433955,0.011474422153786306,0.011602780147526628,0.011725368736756933,0.01184076549489821,0.011947477784188854,0.01204398207257129,0.012128773468747626,0.012200423698099427,0.01225764423232801,0.012299349872336716,0.012324717093024858,0.012333231206784376,0.012324717093024856,0.012299349872336713,0.012257644232328009,0.012200423698099427,0.012128773468747626,0.01204398207257129,0.01194747778418885,0.01184076549489821,0.011725368736756937,0.011602780147526628,0.011474422153786303,0.011341618300433953,0.01120557461876433,0.011067369751997246,0.010927952219616056,0.010788143130163767,0.010648642762495655,0.010510039650309853,0.010372821062738393,0.010237384032441026,0.010104046316596109,0.009973056873203646,0.009844605592015701,0.009718832138458934,0.00959583385516175,0.009475672725172765,0.009358381439581544
0.00976448733153141,0.00988250935122709,0.010003144628159408,0.010126330728973499,0.010251974301657495,0.010379945382480535,0.010510070991040486,0.010642128016296857,0.010775835439279974,0.010910845998789602,0.011046737488532282,0.01118300398089064,0.011319047405330964,0.011454170066685199,0.011587568863453388,0.01171833214473878,0.011845440302689159,0.011967771300561685,0.01208411233949206,0.01219317871813675,0.01229364058965875,0.012384157738231465,0.012463421685987748,0.012530203458175628,0.012583404299807288,0.012622105729337241,0.012645614740772781,0.012653499911091793,0.012645614740772781,0.012622105729337238,0.01258340429980729,0.012530203458175628,0.012463421685987746,0.012384157738231465,0.01229364058965875,0.01219317871813675,0.01208411233949206,0.011967771300561685,0.011845440302689157,0.01171833214473878,0.011587568863453388,0.011454170066685199,0.011319047405330967,0.01118300398089064,0.011046737488532282,0.0109108459987896,0.010775835439279974,0.010642128016296857,0.010510070991040486,0.010379945382480535,0.010251974301657495,0.0101263307289735,0.010003144628159407,0.00988250935122709,0.009764487331531409
0.010161454786893936,0.010279841946599397,0.010400582382568429,0.010523587033137449,0.010648734999977396,0.010775868309606506,0.010904786134602558,0.011035238511938033,0.011166919639138892,0.011299460886637348,0.011432423738689879,0.011565292966521234,0.011697470445059708,0.011828270144934403,0.011956914956239233,0.012082536116275076,0.012204176099847124,0.012320795860903748,0.012431287256585348,0.012534491306495428,0.01262922261485105,0.012714299800791876,0.012788581159179056,0.012851004063284948,0.012900625913011611,0.01293666384937269,0.012958530129361262,0.012965860094879938,0.012958530129361262,0.01293666384937269,0.012900625913011611,0.012851004063284948,0.012788581159179056,0.012714299800791876,0.01262922261485105,0.012534491306495428,0.012431287256585348,0.012320795860903748,0.012204176099847124,0.012082536116275078,0.011956914956239233,0.011828270144934405,0.01169747044505971,0.011565292966521234,0.011432423738689879,0.011299460886637344,0.011166919639138892,0.01103523851193803,0.01090478613460256,0.010775868309606506,0.010648734999977398,0.010523587033137452,0.010400582382568429,0.0102798419465994,0.010161454786893936
0.01054949088782028,0.010667916205302165,0.010788435292239303,0.010910935658450855,0.011035272673208791,0.011161264828713022,0.011288688617540852,0.011417273085976114,0.011546694166264271,0.011676568943025387,0.011806450072921646,0.011935820651754938,0.012064089907246466,0.012190590184095294,0.012314575772484404,0.012435224200006116,0.012551640643859689,0.012662866105443447,0.012767889901788359,0.012865666848180479,0.01295513922134823,0.013035263203660186,0.01310503903638184,0.013163543598270376,0.013209963641701149,0.013243627544775316,0.013264033258173323,0.013270870205076984,0.013264033258173323,0.013243627544775316,0.013209963641701149,0.013163543598270376,0.01310503903638184,0.013035263203660186,0.01295513922134823,0.012865666848180479,0.012767889901788359,0.012662866105443447,0.012551640643859687,0.012435224200006116,0.012314575772484402,0.012190590184095294,0.012064089907246467,0.011935820651754938,0.011806450072921647,0.011676568943025387,0.011546694166264273,0.011417273085976112,0.011288688617540853,0.011161264828713024,0.011035272673208791,0.010910935658450855,0.0107884352922393,0.010667916205302165,0.010549490887820282
0.01092882312116366,0.01104699635025571,0.011167007513081305,0.011288723867835975,0.01141198074480524,0.011536577332241164,0.011662272210462869,0.011788778711916838,0.011915760222310728,0.01204282558333837,0.01216952481069285,0.012295345400703492,0.012419709562195003,0.012541972772210521,0.012661424107798438,0.012777288841236358,0.012888733790531744,0.01299487587691497,0.013094794242627685,0.013187546114821723,0.013272186360534342,0.01334779036963929,0.013413479547309268,0.013468448330000328,0.013511991307830158,0.013543528797470767,0.013562629116829024,0.013569025904610841,0.013562629116829024,0.013543528797470767,0.013511991307830156,0.013468448330000328,0.013413479547309268,0.01334779036963929,0.013272186360534342,0.01318754611482172,0.013094794242627683,0.01299487587691497,0.012888733790531742,0.012777288841236358,0.012661424107798438,0.012541972772210521,0.012419709562195,0.012295345400703492,0.01216952481069285,0.01204282558333837,0.01191576022231073,0.011788778711916838,0.011662272210462869,0.011536577332241164,0.01141198074480524,0.011288723867835975,0.011167007513081301,0.011046996350255706,0.010928823121163661
0.011299694271347263,0.011417359712576809,0.011536613500246984,0.011657305712292685,0.011779255132821227,0.011902245559592193,0.012026021973142145,0.012150286654048093,0.012274695367581533,0.012398853773229954,0.012522314259458288,0.012644573449911083,0.012765070673040866,0.012883187728400464,0.012998250313388044,0.013109531486278804,0.013216257525867242,0.013317616495556706,0.013412769721920544,0.013500866249358073,0.013581060133687201,0.01365253019638235,0.013714501595188161,0.013766268303182526,0.013807215361843933,0.01383683962223267,0.01385476764636592,0.013860769531306695,0.01385476764636592,0.01383683962223267,0.01380721536184393,0.013766268303182526,0.013714501595188161,0.013652530196382346,0.013581060133687201,0.013500866249358073,0.013412769721920544,0.013317616495556706,0.013216257525867242,0.013109531486278804,0.012998250313388044,0.012883187728400464,0.012765070673040864,0.012644573449911083,0.01252231425945829,0.012398853773229954,0.012274695367581533,0.012150286654048093,0.012026021973142145,0.011902245559592193,0.011779255132821227,0.011657305712292685,0.011536613500246986,0.011417359712576809,0.011299694271347265
0.011662357956208364,0.011779292072753394,0.01189757321582751,0.012017037189378585,0.01213748947030896,0.012258702020836409,0.01238041005565046,0.01250230885359666,0.012624050731472462,0.012745242328772279,0.012865442385792038,0.012984160231528945,0.013100855229467212,0.013214937454717156,0.013325769890067484,0.013432672425385747,0.013534927918037723,0.013631790515452179,0.013722496349900337,0.013806276588082407,0.013882372656675105,0.013950053277752285,0.014008632749519365,0.014057489718714913,0.014096085536168208,0.01412398119209066,0.014140851814841924,0.014146497799808968,0.014140851814841924,0.01412398119209066,0.014096085536168208,0.014057489718714913,0.014008632749519365,0.013950053277752285,0.013882372656675105,0.013806276588082407,0.013722496349900337,0.013631790515452179,0.013534927918037723,0.013432672425385747,0.013325769890067483,0.013214937454717156,0.013100855229467214,0.012984160231528945,0.01286544238579204,0.012745242328772279,0.01262405073147246,0.01250230885359666,0.012380410055650461,0.012258702020836412,0.01213748947030896,0.012017037189378587,0.01189757321582751,0.011779292072753396,0.01166235795620837
0.012017074776794472,0.012133083713033479,0.012250208149426655,0.01236827231718046,0.012487071339836895,0.012606368522540172,0.01272589267042994,0.01284533552502606,0.012964349430517896,0.013082545366730692,0.013199491511022083,0.013314712515656508,0.013427689707799926,0.013537862432919273,0.013644630765138315,0.013747359795625667,0.0138453856779641,0.013938023553864755,0.014024577401167321,0.014104351738835256,0.014176664993997288,0.014240864191463169,0.014296340478293595,0.014342544860389233,0.014379003422357683,0.014405331243611241,0.014421244227034873,0.014426568129669647,0.014421244227034873,0.014405331243611241,0.014379003422357683,0.014342544860389233,0.014296340478293595,0.014240864191463169,0.014176664993997288,0.014104351738835256,0.014024577401167321,0.013938023553864755,0.0138453856779641,0.013747359795625662,0.013644630765138312,0.01353786243291927,0.013427689707799926,0.013314712515656503,0.013199491511022083,0.013082545366730694,0.012964349430517896,0.01284533552502606,0.01272589267042994,0.012606368522540172,0.012487071339836897,0.012368272317180457,0.012250208149426655,0.012133083713033477,0.012017074776794468
0.012364109040030354,0.012479026119960896,0.012594838066574384,0.012711360010727202,0.01282837937729793,0.012945653616053225,0.013062908019121548,0.013179833710178184,0.013296085909041654,0.013411282594613794,0.013525003707788948,0.013636791052469076,0.013746149065011115,0.013852546627683624,0.013955420097041777,0.01405417770041812,0.014148205420060279,0.014236874432620467,0.014319550100815736,0.014395602425185146,0.014464417760542731,0.014525411490405551,0.01457804124262798,0.014621820132203285,0.014656329445270542,0.014681230143711253,0.014696272581592527,0.01470130388775091,0.014696272581592527,0.014681230143711253,0.014656329445270542,0.014621820132203285,0.01457804124262798,0.014525411490405551,0.014464417760542731,0.014395602425185146,0.014319550100815736,0.014236874432620467,0.014148205420060279,0.014054177700418119,0.013955420097041777,0.013852546627683622,0.013746149065011115,0.013636791052469075,0.013525003707788948,0.013411282594613796,0.013296085909041654,0.013179833710178184,0.013062908019121551,0.012945653616053227,0.012828379377297932,0.012711360010727204,0.012594838066574384,0.012479026119960896,0.012364109040030356
