0.012358532259403955,0.012011484514053053,0.011656754886586065,0.011294079366017213,0.010923197690398345,0.010543856627446911,0.010155813827624243,0.00975884229050396,0.009352735473164557,0.008937313051448792,0.008512427320272482,0.008077970186957462,0.007633880671417795,0.007180152779182981,0.00671684355882666,0.006244081096666854,0.005762072142265715,0.0052711090033851545,0.004771575305099143,0.004263950182124349,0.003748810473741807,0.0032268305237622987,0.002698779258550863,0.002165514325431289,0.0016279732185100046,0.001087161490565822,0.0005441383346375696,-8.999382143642536e-19,-0.0005441383346375682,-0.001087161490565817,-0.0016279732185100029,-0.0021655143254312877,-0.0026987792585508614,-0.003226830523762297,-0.003748810473741809,-0.0042639501821243484,-0.0047715753050991405,-0.005271109003385153,-0.005762072142265713,-0.006244081096666851,-0.006716843558826659,-0.0071801527791829824,-0.007633880671417789,-0.008077970186957465,-0.008512427320272482,-0.008937313051448792,-0.009352735473164559,-0.00975884229050396,-0.010155813827624238,-0.010543856627446906,-0.010923197690398345,-0.011294079366017213,-0.011656754886586069,-0.01201148451405305,-0.01235853225940396
0.012473503031386356,0.012127544595655886,0.011773737240759571,0.011411789754647763,0.011041412175041366,0.0106623190912293,0.010274233595758006,0.009876891946830087,0.009470048991769982,0.009053484384721026,0.00862700960632759,0.008190475758168024,0.007743782059133861,0.007286884914458077,0.006819807361385001,0.006342648620705758,0.005855593404556984,0.005358920554100383,0.00485301051419122,0.004338351105889227,0.003815541042555556,0.0032852906617208675,0.0027484194209759847,0.002205849835492186,0.0016585977147771905,0.001107758776738379,0.0005544919603126065,-8.831106049085952e-19,-0.0005544919603126051,-0.0011077587767383743,-0.0016585977147771857,-0.0022058498354921843,-0.002748419420975984,-0.003285290661720866,-0.0038155410425555576,-0.004338351105889229,-0.004853010514191218,-0.005358920554100382,-0.0058555934045569835,-0.006342648620705756,-0.006819807361385,-0.007286884914458075,-0.007743782059133861,-0.008190475758168028,-0.00862700960632759,-0.009053484384721026,-0.00947004899176998,-0.00987689194683009,-0.010274233595758006,-0.010662319091229298,-0.011041412175041366,-0.011411789754647765,-0.011773737240759571,-0.012127544595655888,-0.012473503031386352
0.012589372724164008,0.012244724476262665,0.01189207115002721,0.011531093227115327,0.011161469512167408,0.010782880389812193,0.010395011809474285,0.009997560082775591,0.009590237570837377,0.009172779323721405,0.008744950709488875,0.00830655603377182,0.007857448100452412,0.007397538598775032,0.006926809121866062,0.006445322527859877,0.005953234251682819,0.005450803070037324,0.004938400724489399,0.004416519731037346,0.003885778664453031,0.0033469242176684534,0.0028008294138571472,0.002248487499501283,0.0016910012699115095,0.0011295678627361197,0.000565459376782252,-8.659560562354934e-19,-0.0005654593767822538,-0.001129567862736115,-0.001691001269911508,-0.0022484874995012815,-0.0028008294138571455,-0.003346924217668448,-0.0038857786644530307,-0.004416519731037344,-0.0049384007244893955,-0.00545080307003732,-0.005953234251682816,-0.006445322527859879,-0.006926809121866063,-0.007397538598775032,-0.007857448100452408,-0.008306556033771817,-0.008744950709488872,-0.009172779323721405,-0.009590237570837377,-0.009997560082775591,-0.010395011809474285,-0.010782880389812193,-0.011161469512167406,-0.011531093227115327,-0.011892071150027215,-0.01224472447626267,-0.012589372724164008
0.01270595642917002,0.012362848390853139,0.012011592469753706,0.011651839964588817,0.011283237118707672,0.010905428250189317,0.010518059684614486,0.010120784603334775,0.009713268917253314,0.009295198265136835,0.008866286213446787,0.008426283698487452,0.007974989698220596,0.007512263047764544,0.007038035217903246,0.006552323760409735,0.006055245991186239,0.00554703233969375,0.005028038653187512,0.00449875662407668,0.003959821429516604,0.003412015657241159,0.0028562686620841543,0.0022936506686336428,0.0017253612104837122,0.0011527118632909525,0.0005771036573619162,-8.484547378380491e-19,-0.0005771036573619148,-0.001152711863290948,-0.0017253612104837104,-0.002293650668633641,-0.0028562686620841526,-0.0034120156572411573,-0.003959821429516606,-0.004498756624076678,-0.005028038653187506,-0.005547032339693749,-0.006055245991186236,-0.006552323760409734,-0.007038035217903245,-0.007512263047764547,-0.007974989698220596,-0.008426283698487452,-0.008866286213446782,-0.009295198265136835,-0.009713268917253314,-0.010120784603334779,-0.010518059684614486,-0.010905428250189317,-0.011283237118707672,-0.01165183996458882,-0.012011592469753706,-0.012362848390853139,-0.01270595642917002
0.012823041474037233,0.012481711410015733,0.01213210667376536,0.011773848803467712,0.011406550437777602,0.011029818219565281,0.010643256569502522,0.010246472474140204,0.00983908143708355,0.009420714737492519,0.00899102812373308,0.008549712037267733,0.008096503408117907,0.007631198983901917,0.00715367004593605,0.0066638782266667685,0.00616189197484568,0.005647903025662296,0.005122242036551305,0.00458539236724015,0.004038000843638392,0.003480884283061718,0.002915030606794239,0.0023415935520126096,0.0017618803304094211,0.0011773320545656807,0.0005894973272854688,-8.305847295663075e-19,-0.0005894973272854706,-0.0011773320545656791,-0.0017618803304094166,-0.002341593552012608,-0.002915030606794237,-0.003480884283061715,-0.004038000843638393,-0.0045853923672401495,-0.005122242036551302,-0.0056479030256622945,-0.0061618919748456825,-0.0066638782266667685,-0.007153670045936053,-0.0076311989839019205,-0.008096503408117904,-0.008549712037267733,-0.008991028123733077,-0.00942071473749252,-0.009839081437083551,-0.010246472474140202,-0.01064325656950252,-0.01102981821956528,-0.011406550437777602,-0.011773848803467712,-0.01213210667376536,-0.012481711410015733,-0.012823041474037239
0.012940385143189664,0.012601076717783965,0.012253385654178398,0.011896903529339548,0.011531208710226535,0.011155868913969292,0.010770444691426486,0.01037449401366478,0.009967578154074171,0.009549269064234664,0.009119158434736957,0.00867686860726962,0.00822206545478047,0.007754473265260983,0.00727389154494451,0.006780213493563601,0.0062734456968068395,0.005753728334765304,0.005221354934680896,0.004676790427826194,0.0041206860420371465,0.0035538894214307585,0.0029774483653893956,0.002392606766283492,0.0018007917269761487,0.0012035914499866904,0.0006027242638403811,-8.123216997087054e-19,-0.0006027242638403827,-0.0012035914499866859,-0.0018007917269761442,-0.002392606766283491,-0.0029774483653893942,-0.0035538894214307572,-0.004120686042037145,-0.004676790427826195,-0.005221354934680892,-0.005753728334765301,-0.006273445696806838,-0.006780213493563598,-0.007273891544944513,-0.007754473265260983,-0.008222065454780469,-0.008676868607269619,-0.009119158434736957,-0.009549269064234662,-0.009967578154074171,-0.01037449401366478,-0.010770444691426486,-0.011155868913969292,-0.011531208710226535,-0.011896903529339546,-0.012253385654178401,-0.012601076717783967,-0.012940385143189665
0.013057712484426666,0.01272067291764577,0.012375164474675036,0.012020749030789068,0.011656970492129574,0.011283356878045629,0.01089942335950321,0.01050467646972835,0.010098619728335027,0.009680760939103548,0.009250621429026828,0.00880774748516666,0.00835172420737435,0.007882191918620546,0.007398865149482371,0.006901554029203205,0.006390187666328596,0.005864838788338238,0.005325748545001838,0.004773349993847299,0.004208288426887455,0.003631436432897274,0.003043901498342763,0.002447024110037909,0.0018423647891948219,0.001231679270154839,0.000616882084511976,-7.936385163577585e-19,-0.0006168820845119748,-0.0012316792701548348,-0.0018423647891948176,-0.0024470241100379075,-0.0030439014983427615,-0.0036314364328972728,-0.004208288426887457,-0.004773349993847301,-0.005325748545001835,-0.005864838788338235,-0.006390187666328598,-0.006901554029203205,-0.0073988651494823745,-0.00788219191862055,-0.00835172420737435,-0.00880774748516666,-0.009250621429026827,-0.009680760939103548,-0.010098619728335026,-0.010504676469728356,-0.010899423359503214,-0.011283356878045627,-0.011656970492129578,-0.012020749030789068,-0.012375164474675038,-0.01272067291764577,-0.013057712484426666
0.013174714286873829,0.012840191455832248,0.012497138167151254,0.012145087399667204,0.011783548995963233,0.011412011117788477,0.011029942661031524,0.010636796882652476,0.010232016531720955,0.009815040813270061,0.009385314541307118,0.008942299847727923,0.008485490795828225,0.008014431186348763,0.007528735723859006,0.007028114514342994,0.0065124005761001535,0.00598157965804049,0.005435821179133019,0.004875508559596076,0.004301266667316025,0.003713983643132846,0.0031148241138621757,0.002505230878965433,0.0018869126705998774,0.001261816581537995,0.000632085178267799,-7.745047743399958e-19,-0.0006320851782678007,-0.001261816581537991,-0.001886912670599873,-0.0025052308789654293,-0.003114824113862172,-0.0037139836431328444,-0.004301266667316027,-0.004875508559596075,-0.005435821179133016,-0.005981579658040489,-0.006512400576100152,-0.007028114514342994,-0.007528735723859004,-0.008014431186348767,-0.008485490795828225,-0.008942299847727923,-0.009385314541307114,-0.009815040813270063,-0.010232016531720957,-0.01063679688265248,-0.011029942661031522,-0.011412011117788475,-0.011783548995963233,-0.012145087399667203,-0.012497138167151258,-0.012840191455832248,-0.013174714286873829
0.013291045334385456,0.012959284274172535,0.012618958689658162,0.012269574097343526,0.011910607370745407,0.011541507409283067,0.011161696731847384,0.010770574280309126,0.01036751977506997,0.009951900023149328,0.009523077633570947,0.009080422635951059,0.00862332751289943,0.008151226126829598,0.007663616923642714,0.007160090602192419,0.006640362121525657,0.006104306455388247,0.0055519968887517675,0.00498374390626197,0.004400131912484283,0.003802050266753604,0.003190714581781398,0.002567674127573359,0.0019348016910352049,0.0012942634799584817,0.0006484685948322986,-7.548862141437952e-19,-0.0006484685948323001,-0.0012942634799584804,-0.001934801691035201,-0.002567674127573358,-0.003190714581781397,-0.0038020502667536022,-0.004400131912484284,-0.0049837439062619705,-0.0055519968887517614,-0.0061043064553882465,-0.006640362121525654,-0.007160090602192418,-0.0076636169236427186,-0.008151226126829598,-0.008623327512899428,-0.00908042263595106,-0.009523077633570947,-0.009951900023149328,-0.01036751977506997,-0.010770574280309126,-0.011161696731847382,-0.011541507409283069,-0.011910607370745407,-0.012269574097343526,-0.012618958689658162,-0.012959284274172539,-0.013291045334385458
0.01340632305784712,0.01307756182981816,0.012740232194996561,0.012393814344898635,0.01203775408204927,0.01167146253893185,0.011294316739083843,0.010905661311116185,0.010504811742049735,0.010091059640217425,0.00966368056537989,0.009221945065893968,0.008765133625317292,0.008292556241879485,0.007803577313205448,0.007297646336093859,0.006774334611194266,0.006233377619638524,0.005674721980888642,0.005098574909243005,0.004505452919996556,0.0038962253375829773,0.003272147164640116,0.0026348753988176426,0.001986463267803911,0.0013293283402517786,0.0006661930939294385,-7.34744001086947e-19,-0.0006661930939294374,-0.0013293283402517745,-0.0019864632678039066,-0.0026348753988176387,-0.0032721471646401145,-0.003896225337582977,-0.004505452919996554,-0.0050985749092430045,-0.005674721980888637,-0.006233377619638522,-0.006774334611194266,-0.007297646336093859,-0.00780357731320545,-0.008292556241879485,-0.008765133625317292,-0.009221945065893964,-0.009663680565379893,-0.010091059640217424,-0.010504811742049735,-0.010905661311116189,-0.011294316739083843,-0.01167146253893185,-0.01203775408204927,-0.012393814344898635,-0.012740232194996563,-0.013077561829818164,-0.013406323057847124
0.013520126728663127,0.013194591644800937,0.012860516793116832,0.0125173599383687,0.01216453860627745,0.01180142869483566,0.01142736378907792,0.011041635503491505,0.010643495270879787,0.01023215810806274,0.009806809014804416,0.009366612795885135,0.00891072822351069,0.008438327554572462,0.007948622447733472,0.007440897236233802,0.00691455023517685,0.006369143217890546,0.005804458309801901,0.005220560276502511,0.004617860554114445,0.003997177535079554,0.003359785893565914,0.002707446588894576,0.0020424091943160253,0.001367379865146807,0.000685451785833467,-7.140338213013158e-19,-0.0006854517858334659,-0.001367379865146803,-0.0020424091943160214,-0.0027074465888945747,-0.0033597858935659124,-0.003997177535079552,-0.004617860554114443,-0.005220560276502509,-0.005804458309801898,-0.006369143217890549,-0.006914550235176849,-0.007440897236233802,-0.007948622447733474,-0.008438327554572462,-0.00891072822351069,-0.009366612795885135,-0.009806809014804416,-0.01023215810806274,-0.010643495270879788,-0.011041635503491506,-0.01142736378907792,-0.01180142869483566,-0.012164538606277444,-0.0125173599383687,-0.012860516793116832,-0.013194591644800935,-0.013520126728663127
0.013631997352371375,0.013309897572876747,0.012979321024750334,0.012639706736292548,0.012290447713595798,0.011930888304512827,0.011560322064937607,0.011177990447524383,0.010783082744728082,0.01037473785710933,0.009952048625416305,0.009514069658166858,0.009059829795120515,0.008588350549040473,0.008098672023551854,0.007589887849412091,0.0070611905213737195,0.006511928030107999,0.005941671728402888,0.0053502938235255116,0.00473805069935879,0.004105665556805991,0.003454400991634412,0.002786109792977682,0.0021032513906902297,0.001408862979558348,0.000706478990366438,-6.927047342057533e-19,-0.0007064789903664394,-0.001408862979558344,-0.002103251390690226,-0.0027861097929776785,-0.003454400991634411,-0.00410566555680599,-0.004738050699358792,-0.0053502938235255116,-0.005941671728402888,-0.006511928030108,-0.007061190521373716,-0.007589887849412091,-0.008098672023551854,-0.008588350549040473,-0.009059829795120511,-0.009514069658166854,-0.009952048625416307,-0.010374737857109333,-0.01078308274472808,-0.011177990447524384,-0.011560322064937609,-0.011930888304512825,-0.012290447713595798,-0.012639706736292548,-0.012979321024750334,-0.013309897572876747,-0.013631997352371375
0.013741438433653351,0.013422959991895658,0.01309610329561772,0.01276029311294451,0.012414902677631701,0.012059249698760972,0.011692592606631726,0.011314127328162725,0.01092298500924655,0.01051823126410595,0.01009886773933926,0.0096638370368805,0.009212032343010183,0.008742313444912511,0.008253531145868945,0.007744562345638608,0.00721435811795526,0.006662006819248809,0.006086813372886763,0.005488394136015388,0.004866783965749253,0.004222548240499493,0.0035568880219128403,0.0028717221824416327,0.0021697276836251714,0.0014543200875934863,0.0007295622441759158,-6.706976961492913e-19,-0.0007295622441759146,-0.0014543200875934824,-0.002169727683625168,-0.002871722182441629,-0.003556888021912839,-0.00422254824049949,-0.004866783965749253,-0.005488394136015386,-0.0060868133728867605,-0.006662006819248808,-0.00721435811795526,-0.0077445623456386115,-0.008253531145868947,-0.008742313444912511,-0.009212032343010183,-0.009663837036880497,-0.010098867739339261,-0.01051823126410595,-0.01092298500924655,-0.011314127328162721,-0.011692592606631724,-0.012059249698760972,-0.012414902677631703,-0.012760293112944507,-0.013096103295617716,-0.013422959991895658,-0.013741438433653351
0.013847917789364362,0.013533217143751122,0.013210272546190692,0.012878499712249605,0.01253725781257668,0.012185844070454397,0.011823488267580165,0.011449347397419693,0.011062500833848542,0.010661946560154439,0.010246599243116432,0.009815291252184362,0.009366778124750926,0.008899750465148364,0.008412854815940795,0.007904726594768947,0.007374038623907365,0.006819568875329894,0.006240290478014418,0.005635485342923666,0.0050048794744723514,0.004348792828059342,0.0036682896000553465,0.002965307165899183,0.00224273578479653,0.0015044199311301737,0.0007550588651710961,-6.479436321539637e-19,-0.0007550588651710973,-0.0015044199311301698,-0.0022427357847965264,-0.0029653071658991815,-0.0036682896000553456,-0.0043487928280593405,-0.005004879474472352,-0.005635485342923666,-0.006240290478014418,-0.006819568875329893,-0.007374038623907361,-0.007904726594768947,-0.008412854815940798,-0.008899750465148364,-0.009366778124750926,-0.00981529125218436,-0.010246599243116434,-0.010661946560154439,-0.011062500833848543,-0.011449347397419693,-0.011823488267580165,-0.012185844070454397,-0.012537257812576676,-0.012878499712249605,-0.013210272546190688,-0.013533217143751122,-0.01384791778936436
0.013950870581594832,0.013640067846848045,0.013321190446287006,0.01299365086826312,0.012656800792387578,0.012309924282341924,0.011952230507502262,0.011582846149237817,0.011200807768793437,0.010805054591443698,0.010394422416812538,0.009967639722878768,0.009523327518485414,0.009060005140072377,0.008576104991542119,0.008070000162841593,0.007540049829687174,0.00698466810179762,0.006402422123297395,0.005792164062747383,0.005153198261558995,0.00448547831085648,0.003789818742304299,0.0030680932004266475,0.0023233784959536623,0.0015599974149131408,0.0007834192611499304,-6.243608742368267e-19,-0.0007834192611499292,-0.001559997414913137,-0.0023233784959536567,-0.0030680932004266454,-0.0037898187423042965,-0.004485478310856477,-0.005153198261558994,-0.005792164062747384,-0.006402422123297391,-0.006984668101797617,-0.007540049829687174,-0.008070000162841595,-0.00857610499154212,-0.009060005140072377,-0.009523327518485414,-0.009967639722878768,-0.010394422416812541,-0.0108050545914437,-0.011200807768793437,-0.011582846149237817,-0.01195223050750226,-0.01230992428234192,-0.012656800792387575,-0.012993650868263117,-0.013321190446287006,-0.013640067846848044,-0.01395087058159483
0.014049703725035712,0.013742875793583895,0.013428175400772673,0.013105018070390783,0.012772755242386708,0.012430666147395497,0.012077948797995215,0.011713710140527111,0.0113369555106903,0.010946577694728264,0.010541346143238732,0.010119897253450947,0.009680727175671732,0.009222189366375083,0.008742500159792338,0.00823975699571894,0.007711975590961073,0.0071571540959985466,0.006573373685757916,0.005958945211800892,0.0053126090530919165,0.004633788222108676,0.003922881286664375,0.003181561430009328,0.00241302434782457,0.0016221095548922132,0.000815220471059895,-5.998516917594536e-19,-0.000815220471059896,-0.0016221095548922078,-0.002413024347824565,-0.003181561430009327,-0.0039228812866643715,-0.004633788222108678,-0.0053126090530919165,-0.005958945211800891,-0.006573373685757915,-0.0071571540959985466,-0.007711975590961075,-0.008239756995718939,-0.008742500159792336,-0.009222189366375083,-0.009680727175671729,-0.010119897253450945,-0.010541346143238732,-0.010946577694728265,-0.0113369555106903,-0.011713710140527111,-0.012077948797995208,-0.012430666147395495,-0.012772755242386708,-0.013105018070390781,-0.013428175400772673,-0.013742875793583893,-0.014049703725035712
0.014143801789120634,0.013840975613113695,0.0135305086258534,0.01321182583610472,0.012884286098298982,0.012547172842684317,0.012199683504611043,0.0118409175616135,0.011469863149134136,0.011085382342023425,0.010686195390793012,0.010270864535508952,0.009837778552807654,0.009385140013943832,0.008910958459961826,0.008413054463039967,0.007889081944056712,0.007336579140845504,0.006753061954582966,0.006136176122006296,0.005483924830795317,0.004794982733357124,0.0040690914798261315,0.003307502315580818,0.0025133894098874738,0.0016921156129263246,0.0008512156764186565,-5.742974864437266e-19,-0.0008512156764186576,-0.0016921156129263192,-0.0025133894098874703,-0.003307502315580815,-0.004069091479826129,-0.004794982733357121,-0.005483924830795317,-0.006136176122006296,-0.006753061954582965,-0.0073365791408454995,-0.007889081944056709,-0.008413054463039965,-0.008910958459961826,-0.009385140013943834,-0.00983777855280765,-0.01027086453550895,-0.010686195390793012,-0.01108538234202342,-0.011469863149134136,-0.0118409175616135,-0.012199683504611042,-0.012547172842684315,-0.012884286098298982,-0.013211825836104718,-0.0135305086258534,-0.013840975613113694,-0.014143801789120631
0.014232534463323905,0.01393368082381908,0.013627442498659006,0.01331326030126522,0.012990508187629802,0.0126584831032606,0.012316393140053243,0.011963343763825757,0.011598321884125129,0.011220177588611933,0.010827603485741214,0.010419111841502769,0.00999301013739936,0.009547376438176757,0.009080037216187891,0.00858855227895225,0.008070214489257679,0.007522076346014721,0.006941021299148713,0.0063239043546224165,0.005667792096533478,0.004970332134952578,0.004230268112617561,0.0034480783601845344,0.0026266477163964875,0.0017717942790600215,0.0008924094542981776,-5.475519644421762e-19,-0.0008924094542981764,-0.0017717942790600166,-0.0026266477163964823,-0.0034480783601845335,-0.00423026811261756,-0.004970332134952578,-0.005667792096533478,-0.006323904354622417,-0.00694102129914871,-0.007522076346014721,-0.008070214489257679,-0.008588552278952248,-0.009080037216187893,-0.009547376438176755,-0.009993010137399358,-0.010419111841502767,-0.010827603485741211,-0.011220177588611933,-0.011598321884125124,-0.011963343763825757,-0.012316393140053238,-0.012658483103260598,-0.012990508187629798,-0.013313260301265218,-0.013627442498659006,-0.01393368082381908,-0.014232534463323905
0.014315265582692534,0.01402029371801738,0.013718211291274434,0.013408480739856551,0.013090498389449591,0.012763583754610657,0.01242696682547257,0.012079772955572575,0.01172100491587836,0.011349521646741691,0.010964013246945448,0.01056297183106048,0.010144658139961966,0.009707064335981124,0.009247874471503607,0.008764426035038783,0.008253679275406612,0.007712206402119035,0.00713622107809294,0.006521680369000347,0.005864505591030775,0.005160980715318716,0.004408385344029698,0.0036058820652774227,0.0027555787581103885,0.0018635187840296196,0.0009401760909797629,-5.194311355640803e-19,-0.0009401760909797639,-0.0018635187840296153,-0.0027555787581103833,-0.003605882065277421,-0.004408385344029697,-0.005160980715318715,-0.005864505591030775,-0.006521680369000347,-0.007136221078092939,-0.007712206402119033,-0.008253679275406612,-0.00876442603503878,-0.009247874471503608,-0.009707064335981124,-0.010144658139961965,-0.010562971831060475,-0.010964013246945445,-0.01134952164674169,-0.011721004915878358,-0.012079772955572575,-0.01242696682547257,-0.012763583754610654,-0.013090498389449591,-0.013408480739856551,-0.013718211291274431,-0.01402029371801738,-0.014315265582692534
0.014391363621234481,0.014100117113543493,0.013802044272111258,0.013496634075657305,0.013183311560205748,0.012861426961171459,0.01253024261777825,0.012188917128941532,0.01183648613732629,0.011471838992810408,0.011093690419285915,0.010700546206316164,0.010290661925986886,0.00986199384692379,0.009412141793542075,0.008938285066305594,0.008437115379453417,0.007904776225554841,0.007336827898963909,0.0067282739326144534,0.00607370998968875,0.005367689165009944,0.004605426732202656,0.003783958749626844,0.002903757651298938,0.00197052423081351,0.0009964530995678496,-4.8969812683151415e-19,-0.0009964530995678488,-0.0019705242308135063,-0.0029037576512989326,-0.003783958749626842,-0.004605426732202654,-0.0053676891650099425,-0.006073709989688751,-0.0067282739326144534,-0.007336827898963906,-0.007904776225554841,-0.008437115379453419,-0.008938285066305592,-0.009412141793542075,-0.00986199384692379,-0.010290661925986884,-0.010700546206316159,-0.011093690419285915,-0.011471838992810408,-0.011836486137326288,-0.012188917128941532,-0.012530242617778244,-0.012861426961171454,-0.013183311560205744,-0.013496634075657304,-0.013802044272111258,-0.014100117113543493,-0.014391363621234481
0.014460213456770414,0.014172467776318667,0.013878180995007632,0.013576872248280393,0.013268000170774475,0.012950952281638412,0.012625032033746748,0.012289442927175051,0.011943268920488182,0.01158545016243339,0.01121475280543512,0.010829731351175449,0.010428681634705794,0.010009582233128802,0.009570021928099151,0.009107111171803467,0.008617376962100274,0.008096644440333658,0.007539917382968981,0.006941287974069076,0.006293940666698437,0.00559037345561696,0.004823043139765757,0.003985717644153685,0.0030757768188960847,0.0020973230723180004,0.0010640728722897572,-4.580390881258908e-19,-0.0010640728722897564,-0.002097323072317995,-0.0030757768188960787,-0.003985717644153683,-0.0048230431397657545,-0.005590373455616956,-0.00629394066669844,-0.006941287974069078,-0.00753991738296898,-0.00809664444033366,-0.008617376962100272,-0.009107111171803463,-0.009570021928099151,-0.010009582233128802,-0.010428681634705792,-0.010829731351175447,-0.011214752805435118,-0.01158545016243339,-0.011943268920488182,-0.012289442927175051,-0.012625032033746748,-0.01295095228163841,-0.013268000170774473,-0.013576872248280393,-0.013878180995007632,-0.014172467776318667,-0.014460213456770414
0.01452122909877411,0.014236691172401457,0.013945888407909304,0.013648372053215133,0.013343637289765087,0.013031113230173032,0.012710150616025574,0.012380006577154294,0.012039825610167101,0.011688615660191493,0.011325217821707867,0.010948267682489903,0.010556145686425796,0.010146913060454217,0.009718228845925705,0.009267242505020508,0.008790455809816938,0.0082835482602732,0.0077411645201699965,0.007156675710685845,0.006521960146690126,0.005827324289036766,0.0050618322023232454,0.0042145483356766265,0.003277425869098594,0.0022503547540009593,0.0011473635774850994,-4.2402282613097786e-19,-0.0011473635774850986,-0.0022503547540009537,-0.0032774258690985887,-0.004214548335676625,-0.005061832202323245,-0.005827324289036764,-0.006521960146690126,-0.007156675710685845,-0.007741164520169996,-0.0082835482602732,-0.008790455809816937,-0.009267242505020508,-0.009718228845925703,-0.010146913060454217,-0.01055614568642579,-0.0109482676824899,-0.011325217821707867,-0.011688615660191488,-0.012039825610167098,-0.012380006577154294,-0.012710150616025574,-0.013031113230173029,-0.013343637289765082,-0.013648372053215133,-0.013945888407909304,-0.014236691172401457,-0.01452122909877411
0.014573866959918224,0.01429217705913643,0.014004479213114143,0.013710356807632879,0.013409342190173678,0.013100907566802994,0.012784453758643878,0.012459296193841774,0.012124647294829314,0.011779594118873605,0.011423069684881859,0.011053815816740855,0.010670334474527499,0.010270823319168119,0.009853089515675827,0.009414433349924789,0.00895148997435558,0.00846001362213388,0.007934584947416364,0.007368222434692798,0.00675189395038143,0.006073983284661438,0.005319936843915407,0.0044727274292075195,0.0035155526410824323,0.0024389707540610804,0.0012533127474603637,-3.870283037569801e-19,-0.0012533127474603646,-0.0024389707540610752,-0.0035155526410824284,-0.004472727429207518,-0.005319936843915406,-0.006073983284661436,-0.00675189395038143,-0.007368222434692798,-0.00793458494741636,-0.008460013622133878,-0.008951489974355577,-0.009414433349924787,-0.009853089515675827,-0.010270823319168116,-0.010670334474527494,-0.011053815816740854,-0.011423069684881857,-0.011779594118873603,-0.012124647294829314,-0.012459296193841774,-0.012784453758643873,-0.013100907566802994,-0.013409342190173677,-0.013710356807632875,-0.014004479213114143,-0.01429217705913643,-0.014573866959918224
0.014617639154113626,0.014338375288467485,0.014053330720651444,0.013762118928184415,0.013464307486299964,0.013159410024776427,0.0128468762934036,0.012526079773015685,0.012196302065063301,0.01185671300147184,0.011506344995000467,0.011144059531551499,0.01076850278458996,0.010378045940726546,0.009970703697213477,0.00954402109981965,0.00909491376279376,0.008619438547025838,0.008112459651022369,0.007567157772694464,0.006974309726316641,0.006321259054310816,0.005590572151737739,0.004758754918732522,0.0037967008819661595,0.0026766955978249646,0.0013940039646031307,-3.4610180400845803e-19,-0.0013940039646031302,-0.002676695597824959,-0.0037967008819661543,-0.00475875491873252,-0.005590572151737736,-0.006321259054310817,-0.006974309726316641,-0.007567157772694464,-0.008112459651022365,-0.008619438547025834,-0.00909491376279376,-0.00954402109981965,-0.009970703697213477,-0.010378045940726546,-0.010768502784589956,-0.011144059531551495,-0.011506344995000466,-0.01185671300147184,-0.012196302065063301,-0.012526079773015685,-0.012846876293403597,-0.013159410024776426,-0.013464307486299962,-0.013762118928184415,-0.014053330720651444,-0.014338375288467485,-0.014617639154113626
0.01465212623145969,0.014374811089096173,0.014091903280475535,0.013803042278953515,0.013507826374381898,0.013205805695065551,0.012896473625541478,0.012579256146330093,0.012253498448470306,0.01191844792584547,0.011573232282172495,0.01121683094303064,0.01084803713145941,0.010465406672519858,0.010067187536206225,0.00965122078015275,0.009214797964241787,0.008754450539287301,0.008265629929193729,0.007742207024266678,0.007175665830956884,0.006553771577206804,0.005858348974579957,0.005061704409353671,0.004121864884768355,0.002981462845759138,0.001592163001085451,-2.996364623453109e-19,-0.0015921630010854505,-0.0029814628457591314,-0.004121864884768349,-0.005061704409353669,-0.005858348974579954,-0.006553771577206801,-0.007175665830956884,-0.007742207024266677,-0.008265629929193725,-0.0087544505392873,-0.009214797964241787,-0.009651220780152748,-0.010067187536206224,-0.010465406672519858,-0.010848037131459409,-0.011216830943030635,-0.011573232282172491,-0.011918447925845468,-0.012253498448470306,-0.012579256146330093,-0.012896473625541477,-0.013205805695065551,-0.013507826374381894,-0.013803042278953515,-0.014091903280475535,-0.014374811089096173,-0.014652126231459688
0.014676988725732793,0.01440109903558307,0.01411975728373778,0.01383262299541127,0.013539318310181746,0.013239421912042929,0.012932461620178833,0.012617905258529249,0.0122951492860356,0.011963504473985101,0.011622177631120776,0.011270247950992676,0.01090663590613342,0.01053006159802927,0.0101389878408697,0.009731540556997422,0.009305394437527398,0.008857603593555424,0.008384341644555912,0.007880485931659787,0.007338919444297828,0.006749291336012233,0.0060956724412838705,0.005351818770938146,0.00447112991552275,0.003366570268378849,0.0018941721900412232,-2.4449449972487457e-19,-0.0018941721900412225,-0.003366570268378842,-0.004471129915522746,-0.0053518187709381436,-0.006095672441283868,-0.006749291336012231,-0.007338919444297827,-0.007880485931659787,-0.00838434164455591,-0.00885760359355542,-0.009305394437527396,-0.00973154055699742,-0.0101389878408697,-0.010530061598029267,-0.010906635906133418,-0.011270247950992674,-0.011622177631120776,-0.011963504473985098,-0.0122951492860356,-0.012617905258529252,-0.01293246162017883,-0.013239421912042925,-0.013539318310181745,-0.01383262299541127,-0.01411975728373778,-0.01440109903558307,-0.014676988725732793
0.01469197690215851,0.014416954916118187,0.014136567710763295,0.013850487448274315,0.013558351363758403,0.013259756304047753,0.012954252112964564,0.012641333549405274,0.01232043031817026,0.01199089464291486,0.01165198559390294,0.011302849065294242,0.010942491820091384,0.010569747289121715,0.010183229656172988,0.009781270883920869,0.009361832172048015,0.008922375787914057,0.008459672993466505,0.007969503896388331,0.007446163589497789,0.006881595061713823,0.006263733709552861,0.005572974030414487,0.004773385913097462,0.0037857621329814455,0.0023828207112008455,-1.7254886619337905e-19,-0.0023828207112008455,-0.0037857621329814395,-0.004773385913097457,-0.005572974030414487,-0.006263733709552858,-0.0068815950617138215,-0.007446163589497789,-0.007969503896388331,-0.008459672993466503,-0.008922375787914055,-0.009361832172048015,-0.009781270883920867,-0.010183229656172988,-0.010569747289121715,-0.010942491820091382,-0.011302849065294239,-0.011651985593902937,-0.011990894642914857,-0.01232043031817026,-0.012641333549405274,-0.01295425211296456,-0.013259756304047753,-0.013558351363758403,-0.013850487448274315,-0.014136567710763295,-0.01441695491611819,-0.01469197690215851
0.014696938156900407,0.014422204784595964,0.014142135287246253,0.013856406102818462,0.013564659584935815,0.01326649875381491,0.012961480959750369,0.012649110170421876,0.012328827498076898,0.011999999449234728,0.011661903189620597,0.011313707841788145,0.010954450426103608,0.010583004441318126,0.010198038129838948,0.009797957959312445,0.009380830366761312,0.008944270579927025,0.008485279816439673,0.007999998141168073,0.0074833125024912385,0.0069282003684178325,0.006324551558328854,0.0056568489919308984,0.004898971391035552,0.003999985129474149,0.0028283850657201963,-1.5209797713172426e-20,-0.0028283850657201963,-0.0039999851294741425,-0.004898971391035548,-0.005656848991930895,-0.006324551558328851,-0.006928200368417832,-0.0074833125024912385,-0.007999998141168073,-0.00848527981643967,-0.008944270579927024,-0.00938083036676131,-0.009797957959312443,-0.010198038129838948,-0.010583004441318126,-0.010954450426103607,-0.011313707841788144,-0.011661903189620595,-0.011999999449234728,-0.012328827498076898,-0.012649110170421873,-0.012961480959750369,-0.013266498753814908,-0.013564659584935815,-0.013856406102818459,-0.014142135287246253,-0.014422204784595964,-0.014696938156900407
0.014691821633494678,0.014416790626129612,0.014136393491715691,0.013850302259367262,0.013558154004985643,0.013259545383505012,0.012954026005574475,0.012641090344268233,0.012320167750649617,0.011990610005947288,0.011651675620602285,0.011302509771216076,0.010942118287745266,0.010569333368065554,0.01018276753680422,0.009780750477265244,0.009361240182527009,0.008921694283331115,0.00845887711848692,0.007968558058337134,0.007445014768571332,0.006880160354329171,0.006261875419961491,0.005570445596936548,0.00476970496968506,0.0037799260681921397,0.0023736497442422904,-1.738844073445686e-19,-0.002373649744242291,-0.0037799260681921332,-0.004769704969685055,-0.005570445596936546,-0.00626187541996149,-0.00688016035432917,-0.007445014768571332,-0.007968558058337134,-0.008458877118486917,-0.008921694283331113,-0.009361240182527007,-0.009780750477265242,-0.01018276753680422,-0.010569333368065554,-0.010942118287745262,-0.011302509771216072,-0.011651675620602285,-0.011990610005947288,-0.012320167750649617,-0.012641090344268233,-0.012954026005574475,-0.01325954538350501,-0.013558154004985643,-0.01385030225936726,-0.014136393491715691,-0.014416790626129612,-0.014691821633494678
0.014676679777262341,0.014400772267737451,0.014119410923007997,0.013832255012196048,0.013538926369470725,0.013239003312049252,0.01293201321530587,0.012617423361755132,0.012294629543946757,0.011962941705014352,0.011621565613621513,0.011269579141932242,0.010905901062319248,0.010529249258083009,0.010138083604600015,0.00973052606420976,0.009304245891699876,0.008856289581728417,0.008382819847077698,0.007878698053854983,0.007336783295477575,0.006746688503628695,0.006092430317856918,0.005347692017743136,0.00446582727989549,0.003360085370302428,0.001888338746794075,-2.4543886466627074e-19,-0.0018883387467940745,-0.003360085370302422,-0.004465827279895485,-0.0053476920177431345,-0.006092430317856915,-0.006746688503628692,-0.007336783295477575,-0.007878698053854983,-0.008382819847077696,-0.008856289581728415,-0.009304245891699875,-0.00973052606420976,-0.010138083604600015,-0.010529249258083009,-0.010905901062319246,-0.01126957914193224,-0.011621565613621512,-0.011962941705014352,-0.012294629543946757,-0.012617423361755128,-0.01293201321530587,-0.013239003312049248,-0.013538926369470723,-0.013832255012196048,-0.014119410923007997,-0.014400772267737451,-0.014676679777262341
0.014651666732462407,0.014374325408145028,0.01409138885908928,0.01380249619855762,0.013507245289317031,0.01320518574995822,0.01289581035261993,0.012578544336801866,0.01225273199005376,0.011917619595731161,0.011572333480742141,0.011215851348093797,0.010846964244893835,0.010464225220090932,0.010065878665860659,0.009649760983229559,0.009213157618238713,0.008752591946092996,0.008263504723586675,0.0077397529362439495,0.007172803261553633,0.00655040209246292,0.005854363064467754,0.005057021570812087,0.004116569980834677,0.0029761617651129844,0.0015884842949486196,-3.004075322953208e-19,-0.0015884842949486192,-0.0029761617651129784,-0.004116569980834671,-0.005057021570812086,-0.005854363064467753,-0.006550402092462917,-0.007172803261553633,-0.007739752936243949,-0.008263504723586673,-0.008752591946092994,-0.009213157618238712,-0.009649760983229559,-0.010065878665860659,-0.010464225220090932,-0.010846964244893833,-0.01121585134809379,-0.011572333480742141,-0.011917619595731161,-0.01225273199005376,-0.012578544336801866,-0.012895810352619927,-0.013205185749958217,-0.01350724528931703,-0.01380249619855762,-0.01409138885908928,-0.014374325408145028,-0.014651666732462409
0.01461703368037974,0.014337735896670447,0.014052654181113558,0.013761401573195473,0.013463545132731031,0.013158597879888377,0.012846008839571006,0.012525150625872812,0.012195303798012907,0.011855636927499318,0.011505180894242106,0.0111427953100866,0.010767124046683845,0.010376535454000921,0.00996904072999324,0.009542180617210327,0.0090928654947939,0.008617146016069681,0.008109879432687006,0.0075642397118325065,0.006970999881010295,0.006317509516044774,0.0055863668877728125,0.004754169395346164,0.003792019048571391,0.002672570739750324,0.0013914772362872952,-3.4676956993205194e-19,-0.0013914772362872956,-0.002672570739750317,-0.003792019048571385,-0.004754169395346162,-0.005586366887772812,-0.006317509516044774,-0.006970999881010295,-0.0075642397118325065,-0.008109879432687001,-0.00861714601606968,-0.009092865494793899,-0.009542180617210325,-0.009969040729993238,-0.010376535454000921,-0.01076712404668384,-0.011142795310086598,-0.011505180894242104,-0.011855636927499316,-0.012195303798012907,-0.012525150625872812,-0.012846008839571004,-0.013158597879888377,-0.01346354513273103,-0.013761401573195471,-0.014052654181113558,-0.014337735896670447,-0.01461703368037974
0.01457312139997287,0.014291390632945234,0.014003648158594733,0.013709476877276711,0.013408408571364501,0.013099914786677196,0.012783395570241649,0.012458165439686674,0.01212343574346188,0.011778292269386887,0.01142166653445287,0.011052298587116989,0.010668688296603106,0.01026903088253372,0.009851130706989834,0.009412284939274857,0.008949125480308474,0.008457403628542862,0.007931698423826083,0.007365030144897835,0.006748376004574345,0.006070144483578359,0.005315835426257053,0.0044685228745084595,0.0035115681709861637,0.00243573043152525,0.0012514557728021127,-3.876255716564073e-19,-0.0012514557728021136,-0.0024357304315252436,-0.003511568170986157,-0.004468522874508458,-0.005315835426257053,-0.006070144483578358,-0.006748376004574346,-0.007365030144897835,-0.00793169842382608,-0.00845740362854286,-0.00894912548030847,-0.009412284939274854,-0.009851130706989833,-0.01026903088253372,-0.010668688296603104,-0.011052298587116987,-0.011421666534452868,-0.011778292269386887,-0.01212343574346188,-0.012458165439686674,-0.012783395570241649,-0.013099914786677191,-0.013408408571364496,-0.013709476877276711,-0.01400364815859473,-0.014291390632945234,-0.01457312139997287
0.014520350487955518,0.014235765661036475,0.0139449118561321,0.013647339820568594,0.013342544161158081,0.01302995332994493,0.012708917308565491,0.012378692352714125,0.012038421955092048,0.011687112912104003,0.011323605012809683,0.010946532379127159,0.01055427384220989,0.010144888916724779,0.00971603494271462,0.009264859917442907,0.008787864814937322,0.008280729793417735,0.007738103033686923,0.0071533644404025995,0.00651841031501586,0.0058235802236632625,0.005057993933747742,0.00421079990622543,0.0032740579379753787,0.0022477535210210296,0.0011459299121766111,-4.245680545837766e-19,-0.0011459299121766102,-0.0022477535210210227,-0.003274057937975373,-0.004210799906225427,-0.005057993933747742,-0.005823580223663261,-0.006518410315015862,-0.007153364440402601,-0.007738103033686922,-0.00828072979341773,-0.008787864814937317,-0.009264859917442907,-0.00971603494271462,-0.010144888916724779,-0.010554273842209886,-0.010946532379127153,-0.01132360501280968,-0.011687112912104001,-0.012038421955092044,-0.012378692352714122,-0.012708917308565488,-0.013029953329944928,-0.013342544161158078,-0.013647339820568594,-0.0139449118561321,-0.014235765661036475,-0.014520350487955518
0.014459209788253437,0.014171412174017043,0.01387706910222575,0.013575699223786455,0.013266760627309755,0.012949640217726582,0.012623640759297667,0.012287964984392212,0.011941696003330235,0.011583773040807105,0.011212961265151518,0.010827814168677419,0.010426626618583689,0.010007376385490827,0.009567651812581792,0.009104563628174066,0.008614640389055826,0.008093710987785312,0.007536786555569612,0.006937972323490454,0.006290474335483656,0.00558682404186481,0.004819526071955958,0.003982409091507658,0.003072915767650633,0.0020951883178356796,0.0010629248990466909,-4.585438715588169e-19,-0.00106292489904669,-0.002095188317835673,-0.0030729157676506265,-0.003982409091507657,-0.004819526071955957,-0.005586824041864808,-0.006290474335483656,-0.006937972323490454,-0.007536786555569608,-0.008093710987785312,-0.008614640389055824,-0.009104563628174064,-0.00956765181258179,-0.010007376385490827,-0.010426626618583687,-0.010827814168677417,-0.011212961265151516,-0.011583773040807105,-0.011941696003330235,-0.012287964984392212,-0.012623640759297667,-0.012949640217726578,-0.013266760627309753,-0.013575699223786455,-0.01387706910222575,-0.014171412174017043,-0.014459209788253437
0.01439024364366479,0.014098941217836742,0.01380080804307244,0.013495332657538111,0.013181939613041626,0.012859978616492898,0.012528711436243583,0.01218729606413843,0.011834767512617458,0.011470014502139369,0.011091751169034594,0.010698482824686283,0.010288464780497912,0.009859653431597015,0.009409649377851782,0.008935633740841203,0.008434301689904288,0.0079018026532129,0.007333706504141386,0.006725031476521784,0.006070394678056855,0.005364378608574419,0.004602235519184394,0.003781042036137732,0.002901304985837956,0.001968737566499334,0.0009955079666041555,-4.901703084798641e-19,-0.0009955079666041564,-0.00196873756649933,-0.00290130498583795,-0.0037810420361377296,-0.004602235519184391,-0.005364378608574417,-0.006070394678056857,-0.006725031476521787,-0.007333706504141384,-0.0079018026532129,-0.008434301689904288,-0.008935633740841203,-0.009409649377851782,-0.009859653431597015,-0.01028846478049791,-0.01069848282468628,-0.011091751169034594,-0.011470014502139369,-0.011834767512617458,-0.01218729606413843,-0.012528711436243583,-0.012859978616492898,-0.013181939613041625,-0.013495332657538111,-0.01380080804307244,-0.014098941217836742,-0.01439024364366479
0.014314038593897458,0.014019007885934836,0.01371686229018616,0.013407063870430662,0.01308900855621854,0.012762015449019542,0.012425314118812465,0.012078029508256906,0.011719164012637433,0.01134757627181842,0.010961956219843473,0.010560796032571304,0.010142356870989779,0.009704631869041958,0.009245306877311087,0.008761722393660609,0.008250843409226967,0.007709249285411766,0.007133164061078783,0.006518559256084186,0.0058613753571979555,0.005157920135581914,0.004405499994537188,0.003603303177906116,0.002753454861043497,0.0018619980474307166,0.0009393808134749712,-5.198763126805655e-19,-0.0009393808134749721,-0.0018619980474307118,-0.002753454861043493,-0.003603303177906115,-0.004405499994537187,-0.005157920135581913,-0.0058613753571979555,-0.006518559256084186,-0.007133164061078781,-0.007709249285411763,-0.008250843409226967,-0.008761722393660607,-0.009245306877311085,-0.009704631869041958,-0.010142356870989777,-0.010560796032571304,-0.010961956219843473,-0.01134757627181842,-0.011719164012637433,-0.012078029508256906,-0.012425314118812465,-0.012762015449019538,-0.01308900855621854,-0.01340706387043066,-0.01371686229018616,-0.014019007885934832,-0.014314038593897455
0.01423121010870664,0.013932295736593053,0.013625992574154415,0.013311741145135924,0.012988915115781558,0.012656811153011371,0.01231463709812612,0.011961498219082553,0.011596381316135882,0.011218136507513566,0.010825456644711864,0.010416854550923227,0.009990638719647584,0.009544888873916673,0.009077434046027157,0.008585837835719591,0.008067398539753442,0.007519176204968387,0.006938064421611611,0.006320931285138661,0.005664859417399471,0.004967514689604379,0.004227659324939162,0.0034457871074374063,0.002624790317771339,0.0017704812009317094,0.0008917284639064871,-5.479742965298988e-19,-0.0008917284639064861,-0.0017704812009317064,-0.0026247903177713354,-0.0034457871074374037,-0.004227659324939161,-0.004967514689604378,-0.005664859417399473,-0.006320931285138662,-0.006938064421611608,-0.007519176204968385,-0.008067398539753442,-0.00858583783571959,-0.00907743404602716,-0.009544888873916677,-0.00999063871964758,-0.010416854550923222,-0.010825456644711861,-0.011218136507513563,-0.011596381316135882,-0.011961498219082553,-0.012314637098126118,-0.012656811153011366,-0.012988915115781555,-0.013311741145135923,-0.013625992574154415,-0.013932295736593053,-0.01423121010870664
0.014142389871995864,0.013839502058038576,0.013528969660217183,0.013210217492278863,0.012882604235513326,0.012545413184783114,0.012197841700006214,0.011838989273966769,0.011467844190202166,0.011083268861837099,0.01068398414502748,0.010268553255538432,0.009835366450272531,0.009382628457902524,0.008908351869091563,0.008410361454449065,0.007886316768020943,0.00733376339753711,0.006750226521094857,0.006133363100364705,0.00548118915060061,0.0047923928189737425,0.004066728183193357,0.0033054552564990335,0.0025117501520898274,0.001690967894837272,0.0008506241352134779,-5.74700164284415e-19,-0.000850624135213479,-0.0016909678948372686,-0.0025117501520898217,-0.0033054552564990326,-0.004066728183193353,-0.004792392818973743,-0.005481189150600612,-0.006133363100364707,-0.006750226521094856,-0.007333763397537108,-0.007886316768020943,-0.008410361454449063,-0.008908351869091563,-0.009382628457902524,-0.009835366450272526,-0.01026855325553843,-0.01068398414502748,-0.011083268861837097,-0.011467844190202163,-0.011838989273966769,-0.012197841700006212,-0.012545413184783114,-0.012882604235513325,-0.013210217492278862,-0.013528969660217183,-0.013839502058038576,-0.01414238987199586
0.014048214034521554,0.013741324469435323,0.013426559090615702,0.013103333326192654,0.01277099856231587,0.01242883403691934,0.012076037856691528,0.011711717183008574,0.011334877732416456,0.0109444128963203,0.010539093030144235,0.010117555831179117,0.009678299263768031,0.00921967925572608,0.008739915435800227,0.00823710954119214,0.007709282762504429,0.007154440029976732,0.0065706706277029354,0.005956294672026986,0.005310062475531734,0.00463140673576327,0.003920734041256588,0.0031797220814269896,0.0024115655428855053,0.001621095801132249,0.0008147004596259808,-6.002372264360397e-19,-0.0008147004596259798,-0.0016210958011322436,-0.0024115655428855014,-0.003179722081426986,-0.003920734041256587,-0.004631406735763266,-0.005310062475531734,-0.005956294672026988,-0.006570670627702933,-0.007154440029976731,-0.00770928276250443,-0.008237109541192139,-0.00873991543580023,-0.00921967925572608,-0.009678299263768026,-0.010117555831179117,-0.010539093030144235,-0.0109444128963203,-0.011334877732416452,-0.011711717183008574,-0.012076037856691526,-0.012428834036919339,-0.012770998562315868,-0.01310333332619265,-0.013426559090615702,-0.013741324469435323,-0.01404821403452155
0.013949312741930312,0.013638449196962256,0.013319508118819006,0.012991901998915468,0.01265498257877148,0.012308034064044869,0.011950265873536219,0.011580805080537564,0.01119868882516257,0.01080285715420382,0.010392147000199938,0.009965288368565847,0.009520904287798136,0.009057516716411591,0.008573561399483908,0.008067415597969198,0.007537443571323291,0.006982065446214754,0.0063998552255502385,0.005789672512497202,0.00515082915121778,0.004483285504195361,0.003787861053656795,0.0030664312925909264,0.0023220705318026864,0.0015590938428837833,0.0007829574935098847,-6.247312839699371e-19,-0.0007829574935098836,-0.0015590938428837774,-0.002322070531802682,-0.0030664312925909256,-0.0037878610536567943,-0.004483285504195359,-0.0051508291512177805,-0.005789672512497204,-0.006399855225550234,-0.006982065446214752,-0.007537443571323291,-0.008067415597969198,-0.008573561399483908,-0.009057516716411591,-0.009520904287798133,-0.009965288368565845,-0.010392147000199938,-0.01080285715420382,-0.011198688825162569,-0.011580805080537564,-0.011950265873536214,-0.012308034064044866,-0.012654982578771477,-0.012991901998915468,-0.013319508118819004,-0.013638449196962256,-0.013949312741930312
0.013846301132835801,0.013531541218712546,0.013208535012507645,0.01287669832655176,0.012535390500489473,0.012183909020737325,0.011821484053656652,0.011447273132837337,0.01106035636927619,0.010659732730457193,0.010244318173592221,0.0098129467327721,0.009364376059274725,0.008897299398492299,0.008410366534165815,0.007902216780013245,0.007371527525834237,0.006817081932819423,0.0062378587892855004,0.005633145843174438,0.005002674646594773,0.004346769759842139,0.0036664982318904064,0.0029637976671426413,0.0022415551625492008,0.0015036081918906486,0.0007546452597095489,-6.483005679018197e-19,-0.0007546452597095502,-0.001503608191890643,-0.0022415551625491943,-0.0029637976671426382,-0.003666498231890404,-0.004346769759842138,-0.005002674646594774,-0.005633145843174438,-0.006237858789285499,-0.006817081932819422,-0.0073715275258342365,-0.007902216780013243,-0.008410366534165815,-0.008897299398492299,-0.009364376059274725,-0.0098129467327721,-0.010244318173592224,-0.01065973273045719,-0.011060356369276192,-0.011447273132837337,-0.01182148405365665,-0.012183909020737325,-0.01253539050048947,-0.012876698326551759,-0.013208535012507643,-0.013531541218712546,-0.013846301132835801
0.013739771897810256,0.013421236341931408,0.013094320740169772,0.012758450042780468,0.012412997747458887,0.012057281930505861,0.011690561518778812,0.011312033096352763,0.010920828663806179,0.010516014930342937,0.010096594926023484,0.009661512976949026,0.009209664387639527,0.008739911506982705,0.008251108180661498,0.007742134844518225,0.007211946574211053,0.00665963610441599,0.006084512938465027,0.005486197933727833,0.004864729966739136,0.004220677440660653,0.003555242858623369,0.002870344365691914,0.0021686555600111653,0.0014535857900956934,0.0007291889970315417,-6.710425288406976e-19,-0.0007291889970315429,-0.0014535857900956897,-0.002168655560011162,-0.002870344365691913,-0.003555242858623367,-0.0042206774406606485,-0.004864729966739137,-0.005486197933727832,-0.006084512938465023,-0.006659636104415992,-0.007211946574211053,-0.007742134844518225,-0.0082511081806615,-0.008739911506982707,-0.009209664387639524,-0.009661512976949022,-0.010096594926023484,-0.010516014930342937,-0.010920828663806179,-0.011312033096352765,-0.011690561518778812,-0.012057281930505856,-0.012412997747458887,-0.012758450042780463,-0.013094320740169772,-0.013421236341931406,-0.013739771897810256
0.01363028940096956,0.013308135168592711,0.01297750292846578,0.01263783196580705,0.0122885156313104,0.011928898725264155,0.011558275387577302,0.011175887814060832,0.010780926230833598,0.010372530697376986,0.009949795475687886,0.009511776895226618,0.009057505850654143,0.00858600626953009,0.008096321040256546,0.0075875469324551146,0.007058879879294398,0.006509671501853992,0.005939496800640093,0.005348231395926179,0.004736134519495193,0.00410393126084387,0.003452884723012001,0.002784846430951836,0.002102272499202648,0.0014081946699038876,0.0007061399556471183,-6.93038617022179e-19,-0.0007061399556471198,-0.0014081946699038836,-0.0021022724992026446,-0.0027848464309518347,-0.0034528847230119973,-0.004103931260843868,-0.004736134519495191,-0.005348231395926179,-0.005939496800640091,-0.006509671501853993,-0.0070588798792943965,-0.007587546932455113,-0.008096321040256546,-0.00858600626953009,-0.009057505850654141,-0.00951177689522662,-0.009949795475687888,-0.010372530697376987,-0.010780926230833598,-0.01117588781406083,-0.011558275387577302,-0.011928898725264155,-0.012288515631310398,-0.01263783196580705,-0.012977502928465778,-0.013308135168592711,-0.013630289400969555
0.013518385294823743,0.013192798823838841,0.01285867188652768,0.012515462567509739,0.012162588802552743,0.011799427008085872,0.011425311416775092,0.011039534443251144,0.010641348498428953,0.010229969781995741,0.009804584708024125,0.009364359751331179,0.008908455628350213,0.008436046822216221,0.007946347490661462,0.007438644704693469,0.006912339687754404,0.006366997180752782,0.005802402173881,0.005218621978795599,0.004616069994098394,0.003995565693622839,0.0033583836521412437,0.002706283290970335,0.0020415110435630037,0.0013667683063088476,0.0006851420497052206,-7.143577352105251e-19,-0.0006851420497052193,-0.0013667683063088437,-0.0020415110435629998,-0.002706283290970333,-0.003358383652141242,-0.003995565693622838,-0.004616069994098396,-0.005218621978795598,-0.005802402173880997,-0.006366997180752782,-0.006912339687754404,-0.007438644704693467,-0.00794634749066146,-0.008436046822216223,-0.008908455628350213,-0.009364359751331177,-0.009804584708024125,-0.010229969781995743,-0.010641348498428953,-0.011039534443251144,-0.011425311416775087,-0.01179942700808587,-0.012162588802552741,-0.01251546256750974,-0.01285867188652768,-0.013192798823838845,-0.013518385294823743
0.013404555507264665,0.013075746266345261,0.012738368437085286,0.012391902581528424,0.012035794962514794,0.011669457278505253,0.01129226724223045,0.010903570313628146,0.010502682972851339,0.010088898002570713,0.009661492335637175,0.009219738105648785,0.008762917599647113,0.008290342832247744,0.00780138040850211,0.00729548217944746,0.006772221874103876,0.006231337369603328,0.005672777505519356,0.005096751360759624,0.00450377675122087,0.0038947235158900257,0.00327084617458508,0.002633800075958948,0.0019856355414310843,0.001328765994319327,0.0006659086749229988,-7.350587888231844e-19,-0.0006659086749230003,-0.001328765994319323,-0.001985635541431083,-0.002633800075958947,-0.003270846174585078,-0.0038947235158900235,-0.0045037767512208695,-0.0050967513607596245,-0.005672777505519352,-0.006231337369603331,-0.006772221874103875,-0.007295482179447461,-0.007801380408502109,-0.008290342832247747,-0.008762917599647113,-0.00921973810564878,-0.009661492335637175,-0.010088898002570713,-0.01050268297285134,-0.010903570313628146,-0.011292267242230447,-0.011669457278505248,-0.012035794962514794,-0.012391902581528422,-0.012738368437085286,-0.013075746266345258,-0.013404555507264666
0.013289258446029231,0.01295745296778459,0.012617083267934995,0.012267655272123718,0.011908646350042405,0.011539505997687771,0.011159657445176713,0.010768500474914422,0.010365415791477683,0.009949771342598574,0.009520931044443619,0.009078266404970486,0.008621171553240898,0.008149082151938476,0.007661498571701264,0.007158013512094433,0.006638343937423301,0.006102366734169298,0.005550156884277121,0.004982026207128957,0.004398559917736769,0.003800647497173743,0.003189503843082745,0.0025666765644585137,0.0019340357944794642,0.0012937441295715084,0.0006482062285094242,-7.551926060266368e-19,-0.0006482062285094257,-0.001293744129571504,-0.0019340357944794598,-0.002566676564458513,-0.003189503843082743,-0.003800647497173742,-0.004398559917736771,-0.004982026207128955,-0.005550156884277117,-0.006102366734169296,-0.006638343937423302,-0.007158013512094436,-0.007661498571701264,-0.008149082151938476,-0.008621171553240896,-0.009078266404970482,-0.00952093104444362,-0.009949771342598572,-0.010365415791477683,-0.010768500474914424,-0.011159657445176711,-0.01153950599768777,-0.011908646350042405,-0.012267655272123718,-0.012617083267934991,-0.01295745296778459,-0.013289258446029233
0.013172914248464687,0.012838350736390326,0.012495257514576951,0.012143167998281391,0.01178159254897806,0.011410019940637292,0.011027919785771216,0.010634746173109442,0.01022994280826419,0.009812949985002295,0.009383213742013759,0.008940197570074181,0.008483397016044458,0.008012357469051433,0.007526695293873841,0.007026122279715858,0.00651047308434936,0.00597973496674705,0.0054340786229472755,0.00487388839946942,0.004299789614914111,0.003712670264222288,0.0031136941285599524,0.0025043023927367692,0.0018862013854344314,0.0012613350487430167,0.0006318421595996067,-7.74803408206494e-19,-0.0006318421595996083,-0.0012613350487430126,-0.0018862013854344273,-0.002504302392736765,-0.003113694128559948,-0.003712670264222287,-0.00429978961491411,-0.004873888399469419,-0.005434078622947273,-0.005979734966747049,-0.006510473084349358,-0.007026122279715858,-0.007526695293873842,-0.008012357469051433,-0.008483397016044458,-0.008940197570074181,-0.009383213742013759,-0.009812949985002298,-0.010229942808264192,-0.010634746173109446,-0.011027919785771213,-0.011410019940637292,-0.01178159254897806,-0.012143167998281391,-0.012495257514576953,-0.012838350736390326,-0.013172914248464689
0.013055904899985744,0.012718828462708108,0.012373284299367546,0.012018834738643942,0.011655024216705757,0.01128138136801665,0.010897422071906254,0.010502653670501072,0.010096580598493608,0.009678711683903137,0.009248569386169936,0.008805701226582537,0.008349693627315732,0.007880188298901521,0.007396901190776748,0.006899643835696602,0.006388346670034472,0.005863083599508424,0.005324096716798101,0.0047718196932712495,0.004206898010204503,0.003630203932416492,0.0030428440379120627,0.0024461572778671234,0.0018417020069454448,0.0012312312046057537,0.0006166561505680273,-7.939299531693556e-19,-0.0006166561505680259,-0.0012312312046057524,-0.00184170200694544,-0.0024461572778671217,-0.0030428440379120614,-0.00363020393241649,-0.004206898010204501,-0.0047718196932712495,-0.005324096716798097,-0.005863083599508423,-0.00638834667003447,-0.006899643835696598,-0.007396901190776748,-0.007880188298901521,-0.008349693627315732,-0.008805701226582537,-0.009248569386169938,-0.009678711683903139,-0.010096580598493608,-0.010502653670501074,-0.010897422071906254,-0.011281381368016647,-0.011655024216705757,-0.012018834738643942,-0.012373284299367548,-0.012718828462708108,-0.013055904899985746
0.012938575050100399,0.012599233579571338,0.012251510978297847,0.011894999284576992,0.011529277396644982,0.011153913639130724,0.010768469252201622,0.010372502982387684,0.009965576967081224,0.009547264109931586,0.009117157137261647,0.008674879500580013,0.008220098240648033,0.007752538847287177,0.0072720020294941125,0.006778382147641986,0.006271686852678918,0.005752057231845515,0.005219787491243908,0.004675342938659306,0.004119374803385269,0.003552730291322823,0.002976456275188505,0.002391795207203394,0.0018001722421671909,0.0012031731672823487,0.0006025135051638724,-8.126064359273753e-19,-0.000602513505163874,-0.001203173167282344,-0.0018001722421671865,-0.002391795207203393,-0.0029764562751885036,-0.003552730291322821,-0.004119374803385271,-0.004675342938659308,-0.005219787491243903,-0.005752057231845513,-0.006271686852678916,-0.006778382147641985,-0.007272002029494116,-0.007752538847287177,-0.00822009824064803,-0.008674879500580013,-0.009117157137261645,-0.00954726410993159,-0.009965576967081224,-0.010372502982387686,-0.010768469252201618,-0.011153913639130724,-0.011529277396644982,-0.011894999284576992,-0.012251510978297851,-0.012599233579571338,-0.012938575050100399
0.012821233367292002,0.012479874049205553,0.012130241878491122,0.011771958854840907,0.011404638141257594,0.011027886972131402,0.010641310430211723,0.010244516236604568,0.009837120701763133,0.009418755980935863,0.008989078761021093,0.008547780472957053,0.0080945990699955,0.007629332332946131,0.007151852555162731,0.0066621223211958255,0.006160210925759151,0.0056463107912588135,0.005120753046631942,0.004584021249213714,0.004036762093506946,0.0034797918895450174,0.002914097642550237,0.0023408317514532957,0.00176129967816766,0.0011769404113621785,0.0005893001200283326,-8.308632070814592e-19,-0.0005893001200283313,-0.001176940411362174,-0.0017612996781676581,-0.0023408317514532944,-0.0029140976425502353,-0.0034797918895450156,-0.0040367620935069445,-0.004584021249213715,-0.005120753046631939,-0.005646310791258813,-0.006160210925759153,-0.006662122321195825,-0.007151852555162731,-0.007629332332946131,-0.008094599069995498,-0.008547780472957053,-0.008989078761021093,-0.009418755980935866,-0.009837120701763133,-0.010244516236604571,-0.010641310430211723,-0.011027886972131402,-0.011404638141257598,-0.011771958854840909,-0.012130241878491125,-0.012479874049205555,-0.012821233367292002
0.012704154290751666,0.012361020714890012,0.012009741343797961,0.011649967931449526,0.011281347232060611,0.010903524132853075,0.010516145588383255,0.010118865468795946,0.00971135043146882,0.009293286914437373,0.00886438932789649,0.008424409483858936,0.00797314725063328,0.007510462345564989,0.007036287085013499,0.0065506397953699535,0.006053638456617092,0.005545514008044351,0.005026622606527221,0.004497456008379748,0.003958649167319692,0.0034109841265310592,0.002855389353449142,0.002292933836599548,0.0017248155379771674,0.0011523441597489385,0.0005769186106744877,-8.487273520116952e-19,-0.0005769186106744863,-0.001152344159748934,-0.0017248155379771624,-0.002292933836599546,-0.0028553893534491405,-0.003410984126531057,-0.003958649167319691,-0.004497456008379746,-0.005026622606527219,-0.005545514008044349,-0.006053638456617091,-0.006550639795369956,-0.0070362870850134976,-0.007510462345564989,-0.007973147250633278,-0.008424409483858936,-0.008864389327896486,-0.009293286914437374,-0.009711350431468823,-0.010118865468795948,-0.010516145588383255,-0.010903524132853077,-0.011281347232060613,-0.011649967931449528,-0.012009741343797961,-0.012361020714890016,-0.012704154290751666
0.012587580055810605,0.012242909880267407,0.011890236939635757,0.011529242159391105,0.011159604836500123,0.01078100589769716,0.010393131884373727,0.00999567974847252,0.00958836253623421,0.009170916021530756,0.00874310632573561,0.008304738524508904,0.007855666191640088,0.0073958017649526295,0.006925127539143438,0.006443706996968033,0.005951696087450642,0.005449353954790768,0.00493705252455647,0.0044152842777869785,0.003884667504019051,0.003345948336536908,0.002799998950551383,0.0022478114553264503,0.0016904872337169827,0.0011292217655379181,0.0005652852915687803,-8.662231624840563e-19,-0.0005652852915687789,-0.0011292217655379134,-0.001690487233716981,-0.002247811455326449,-0.0027999989505513817,-0.0033459483365369065,-0.0038846675040190492,-0.004415284277786977,-0.0049370525245564685,-0.005449353954790765,-0.005951696087450641,-0.006443706996968032,-0.00692512753914344,-0.007395801764952633,-0.007855666191640085,-0.008304738524508904,-0.008743106325735607,-0.009170916021530756,-0.009588362536234215,-0.00999567974847252,-0.010393131884373725,-0.01078100589769716,-0.011159604836500123,-0.0115292421593911,-0.011890236939635757,-0.012242909880267407,-0.012587580055810605
0.012471722889283544,0.012125746004388857,0.01177192269961046,0.011409962191238274,0.011039574987045766,0.010660476188222166,0.01027238943999133,0.00987505159139646,0.009468218114236138,0.009051669313923146,0.00862521733962932,0.008188713966127614,0.007742059074252083,0.007285209700540244,0.006818189460112592,0.006341098072345643,0.005854120640404207,0.005357536259304301,0.0048517254610755435,0.004337175959719994,0.003814486143855258,0.0032843657915230047,0.002747633557649567,0.0022052109136787147,0.001658112398294404,0.001107432257761348,0.0005543277965633719,-8.833725241340577e-19,-0.0005543277965633705,-0.0011074322577613433,-0.0016581123982944024,-0.002205210913678713,-0.002747633557649565,-0.0032843657915230034,-0.0038144861438552564,-0.004337175959719993,-0.004851725461075539,-0.0053575362593043,-0.0058541206404042045,-0.006341098072345643,-0.0068181894601125935,-0.007285209700540245,-0.007742059074252083,-0.008188713966127616,-0.008625217339629322,-0.009051669313923146,-0.009468218114236142,-0.00987505159139646,-0.01027238943999133,-0.010660476188222166,-0.011039574987045766,-0.011409962191238274,-0.011771922699610462,-0.01212574600438886,-0.012471722889283545
0.012356767289628125,0.012009704423726588,0.011654962324398204,0.011292277390502014,0.010921389805281335,0.010542046816227595,0.010154006586218385,0.009757042656491416,0.009350949049893812,0.008935546024952444,0.008510686466670877,0.008076262867799257,0.007632214814263568,0.007178536840724881,0.006715286468000867,0.006242592175605054,0.005760661003586799,0.005269785423275724,0.004770349072870912,0.004262830928434344,0.00374780748134013,0.0032259525263705663,0.0026980342351089,0.0021649092982907415,0.0016275140650066973,0.0010868527775986783,0.0005439831853086608,-9.001952374713346e-19,-0.0005439831853086595,-0.0010868527775986733,-0.0016275140650066958,-0.00216490929829074,-0.0026980342351088983,-0.0032259525263705646,-0.0037478074813401285,-0.004262830928434342,-0.00477034907287091,-0.0052697854232757226,-0.005760661003586797,-0.006242592175605052,-0.00671528646800087,-0.007178536840724884,-0.007632214814263564,-0.008076262867799257,-0.008510686466670877,-0.008935546024952444,-0.009350949049893812,-0.009757042656491416,-0.01015400658621838,-0.010542046816227592,-0.010921389805281335,-0.011292277390502014,-0.011654962324398204,-0.012009704423726588,-0.012356767289628125
